document_id,parent_document_id,document_type,split,quality,field_name,field_kind,expected_value,predicted_value,normalized_expected,normalized_prediction,exact_match,similarity,ocr_confidence,selected_preprocessing,selected_config,rotation_corrected,status,error
w2_2026_000014,w2_2026_000014,w2,validation,clean,employee_ssn,identifier,000-75-4899,J000-754899,000754899,000754899,True,100.0,0.0,sharpened,--oem 3 --psm 8 -c tessedit_char_whitelist=ABCDEFGHIJKLMNOPQRSTUVWXYZ0123456789-,0.0,success,
w2_2026_000014,w2_2026_000014,w2,validation,clean,employer_ein,identifier,00-5672073,00-5672073,005672073,005672073,True,100.0,0.0,sharpened,--oem 3 --psm 8 -c tessedit_char_whitelist=ABCDEFGHIJKLMNOPQRSTUVWXYZ0123456789-,0.0,success,
w2_2026_000014,w2_2026_000014,w2,validation,clean,employer_name_address,multiline,"SANCHEZ GROUP
6936 ROSS DRIVE
PORT MICHELLEVILLE, WI 56225","we RIVIVYO! Oo TIGIHIIO, QUMIGOoO, AIM LIF UYU SANCHEZ GROUP 6936 ROSS DRIVE PORT MICHELLEVILLE, WI 56225",SANCHEZ GROUP 6936 ROSS DRIVE PORT MICHELLEVILLE WI 56225,WE RIVIVYO OO TIGIHIIO QUMIGOOO AIM LIF UYU SANCHEZ GROUP 6936 ROSS DRIVE PORT MICHELLEVILLE WI 56225,False,72.15,60.71,thresholded,--oem 3 --psm 11,0.0,success,
w2_2026_000014,w2_2026_000014,w2,validation,clean,control_number,identifier,W2-2026-000014,22026-00001,W22026000014,2202600001,False,90.91,50.0,thresholded,--oem 3 --psm 8 -c tessedit_char_whitelist=ABCDEFGHIJKLMNOPQRSTUVWXYZ0123456789-,0.0,success,
w2_2026_000014,w2_2026_000014,w2,validation,clean,employee_first_name,text,JEFFREY G.,JEFFREY G.,JEFFREY G,JEFFREY G,True,100.0,92.0,thresholded,--oem 3 --psm 7,0.0,success,
w2_2026_000014,w2_2026_000014,w2,validation,clean,employee_last_name,text,HERNANDEZ,HERNANDEZ,HERNANDEZ,HERNANDEZ,True,100.0,96.0,sharpened,--oem 3 --psm 7,0.0,success,
w2_2026_000014,w2_2026_000014,w2,validation,clean,employee_address,multiline,"87083 STEPHEN UNIONS
CONTRERASSIDE, PA 42089","87083 STEPHEN UNIONS CONTRERASSIDE, PA 42089 f Employee’s address and ZIP code",87083 STEPHEN UNIONS CONTRERASSIDE PA 42089,87083 STEPHEN UNIONS CONTRERASSIDE PA 42089 F EMPLOYEE S ADDRESS AND ZIP CODE,False,71.67,95.0,thresholded,--oem 3 --psm 11,0.0,success,
w2_2026_000014,w2_2026_000014,w2,validation,clean,wages,money,"37,877.37","837,877.37",37877.37,837877.37,False,94.12,51.0,thresholded,"--oem 3 --psm 8 -c tessedit_char_whitelist=0123456789,.$()-",0.0,success,
w2_2026_000014,w2_2026_000014,w2,validation,clean,federal_tax_withheld,money,"4,417.66","4,417.66",4417.66,4417.66,True,100.0,74.0,thresholded,"--oem 3 --psm 7 -c tessedit_char_whitelist=0123456789,.$()-",0.0,success,
w2_2026_000014,w2_2026_000014,w2,validation,clean,social_security_wages,money,"37,877.37","37,877.37",37877.37,37877.37,True,100.0,95.0,sharpened,"--oem 3 --psm 7 -c tessedit_char_whitelist=0123456789,.$()-",0.0,success,
w2_2026_000014,w2_2026_000014,w2,validation,clean,social_security_tax_withheld,money,"2,348.40","2,848.40",2348.40,2848.40,False,85.71,64.0,sharpened,"--oem 3 --psm 8 -c tessedit_char_whitelist=0123456789,.$()-",0.0,success,
w2_2026_000014,w2_2026_000014,w2,validation,clean,medicare_wages,money,"37,877.37","37,877.87",37877.37,37877.87,False,87.5,58.0,sharpened,"--oem 3 --psm 8 -c tessedit_char_whitelist=0123456789,.$()-",0.0,success,
w2_2026_000014,w2_2026_000014,w2,validation,clean,medicare_tax_withheld,money,549.22,549.22,549.22,549.22,True,100.0,74.0,thresholded,"--oem 3 --psm 7 -c tessedit_char_whitelist=0123456789,.$()-",0.0,success,
w2_2026_000014,w2_2026_000014,w2,validation,clean,state,state,PA,A,PA,A,False,66.67,0.0,sharpened,--oem 3 --psm 10 -c tessedit_char_whitelist=ABCDEFGHIJKLMNOPQRSTUVWXYZ,0.0,success,
w2_2026_000014,w2_2026_000014,w2,validation,clean,employer_state_id,identifier,PA-8930103,JP,PA8930103,JP,False,18.18,0.0,sharpened,--oem 3 --psm 7 -c tessedit_char_whitelist=ABCDEFGHIJKLMNOPQRSTUVWXYZ0123456789-,0.0,success,
w2_2026_000014,w2_2026_000014,w2,validation,clean,state_wages,money,"37,877.37",8787787,37877.37,8787787.00,False,55.56,47.0,sharpened,"--oem 3 --psm 7 -c tessedit_char_whitelist=0123456789,.$()-",0.0,success,
w2_2026_000014,w2_2026_000014,w2,validation,clean,state_income_tax,money,"2,229.17",2829.17),2229.17,2829.17,False,85.71,54.0,thresholded,"--oem 3 --psm 7 -c tessedit_char_whitelist=0123456789,.$()-",0.0,success,
1099_nec_2026_000156,1099_nec_2026_000156,1099_nec,validation,clean,payer_name,text,BROWN AND SONS,BROWN AND SONS,BROWN AND SONS,BROWN AND SONS,True,100.0,96.0,sharpened,--oem 3 --psm 7,0.0,success,
1099_nec_2026_000156,1099_nec_2026_000156,1099_nec,validation,clean,payer_street,text,84526 BARTLETT HEIGHTS SUITE 391,84526 BARTLETT HEIGHTS SUITE 391,84526 BARTLETT HEIGHTS SUITE 391,84526 BARTLETT HEIGHTS SUITE 391,True,100.0,95.8,sharpened,--oem 3 --psm 7,0.0,success,
1099_nec_2026_000156,1099_nec_2026_000156,1099_nec,validation,clean,payer_city,text,SCOTTFORT,SCOTTFORT,SCOTTFORT,SCOTTFORT,True,100.0,91.0,sharpened,--oem 3 --psm 7,0.0,success,
1099_nec_2026_000156,1099_nec_2026_000156,1099_nec,validation,clean,payer_state,state,AL,PO,AL,PO,False,0.0,1.0,sharpened,--oem 3 --psm 8 -c tessedit_char_whitelist=ABCDEFGHIJKLMNOPQRSTUVWXYZ,0.0,success,
1099_nec_2026_000156,1099_nec_2026_000156,1099_nec,validation,clean,payer_zip,text,15523,88,15523,88,False,0.0,0.0,sharpened,--oem 3 --psm 8 -c tessedit_char_whitelist=0123456789-,0.0,success,
1099_nec_2026_000156,1099_nec_2026_000156,1099_nec,validation,clean,payer_tin,identifier,00-7443916,00-7443916,007443916,007443916,True,100.0,92.0,thresholded,--oem 3 --psm 7 -c tessedit_char_whitelist=ABCDEFGHIJKLMNOPQRSTUVWXYZ0123456789-,0.0,success,
1099_nec_2026_000156,1099_nec_2026_000156,1099_nec,validation,clean,recipient_tin,identifier,000-75-3619,000-75-3619,000753619,000753619,True,100.0,91.0,sharpened,--oem 3 --psm 7 -c tessedit_char_whitelist=ABCDEFGHIJKLMNOPQRSTUVWXYZ0123456789-,0.0,success,
1099_nec_2026_000156,1099_nec_2026_000156,1099_nec,validation,clean,recipient_name,text,COREY KING,COREY KING,COREY KING,COREY KING,True,100.0,95.5,sharpened,--oem 3 --psm 7,0.0,success,
1099_nec_2026_000156,1099_nec_2026_000156,1099_nec,validation,clean,recipient_street,text,291 DAVID CANYON,291 DAVID CANYON,291 DAVID CANYON,291 DAVID CANYON,True,100.0,96.0,thresholded,--oem 3 --psm 7,0.0,success,
1099_nec_2026_000156,1099_nec_2026_000156,1099_nec,validation,clean,recipient_city,text,EAST JULIE,EAST JULIE.,EAST JULIE,EAST JULIE,True,100.0,81.5,sharpened,--oem 3 --psm 7,0.0,success,
1099_nec_2026_000156,1099_nec_2026_000156,1099_nec,validation,clean,recipient_state,state,VA,W,VA,W,False,0.0,0.0,sharpened,--oem 3 --psm 8 -c tessedit_char_whitelist=ABCDEFGHIJKLMNOPQRSTUVWXYZ,0.0,success,
1099_nec_2026_000156,1099_nec_2026_000156,1099_nec,validation,clean,recipient_zip,text,09964,,09964,,False,0.0,0.0,sharpened,--oem 3 --psm 8 -c tessedit_char_whitelist=0123456789-,0.0,success,
1099_nec_2026_000156,1099_nec_2026_000156,1099_nec,validation,clean,nonemployee_compensation,money,"23,727.28","23,727.28",23727.28,23727.28,True,100.0,95.0,sharpened,"--oem 3 --psm 7 -c tessedit_char_whitelist=0123456789,.$()-",0.0,success,
1099_nec_2026_000156,1099_nec_2026_000156,1099_nec,validation,clean,federal_income_tax_withheld,text,"2,513.53",2513.53,2513.53,2513.53,True,100.0,51.0,sharpened,"--oem 3 --psm 7 -c tessedit_char_whitelist=0123456789,.$()-",0.0,success,
1099_nec_2026_000156,1099_nec_2026_000156,1099_nec,validation,clean,account_number,identifier,NEC-2026-000156,NEC-2026-000156,NEC2026000156,NEC2026000156,True,100.0,92.0,sharpened,--oem 3 --psm 7 -c tessedit_char_whitelist=ABCDEFGHIJKLMNOPQRSTUVWXYZ0123456789-,0.0,success,
1099_nec_2026_000156,1099_nec_2026_000156,1099_nec,validation,clean,state_tax_withheld,money,0.00,$0.00,0.00,0.00,True,100.0,57.0,sharpened,"--oem 3 --psm 8 -c tessedit_char_whitelist=0123456789,.$()-",0.0,success,
1099_nec_2026_000156,1099_nec_2026_000156,1099_nec,validation,clean,state_payer_number,identifier,VA-3866974,AS6674,VA3866974,AS6674,False,66.67,0.0,sharpened,--oem 3 --psm 7 -c tessedit_char_whitelist=ABCDEFGHIJKLMNOPQRSTUVWXYZ0123456789-,0.0,success,
1099_nec_2026_000156,1099_nec_2026_000156,1099_nec,validation,clean,state_income,money,"23,727.28","$23,727.28",23727.28,23727.28,True,100.0,55.0,sharpened,"--oem 3 --psm 8 -c tessedit_char_whitelist=0123456789,.$()-",0.0,success,
1099_nec_2026_000080,1099_nec_2026_000080,1099_nec,validation,clean,payer_name,text,SPEARS-SMITH,SPEARS-SMITH,SPEARS SMITH,SPEARS SMITH,True,100.0,92.0,sharpened,--oem 3 --psm 7,0.0,success,
1099_nec_2026_000080,1099_nec_2026_000080,1099_nec,validation,clean,payer_street,text,5727 CLARK SQUARE APT. 646,5727 CLARK SQUARE APT. 646,5727 CLARK SQUARE APT 646,5727 CLARK SQUARE APT 646,True,100.0,95.6,sharpened,--oem 3 --psm 7,0.0,success,
1099_nec_2026_000080,1099_nec_2026_000080,1099_nec,validation,clean,payer_city,text,LAKE MELISSALAND,LAKE MELISSALAND,LAKE MELISSALAND,LAKE MELISSALAND,True,100.0,93.0,sharpened,--oem 3 --psm 7,0.0,success,
1099_nec_2026_000080,1099_nec_2026_000080,1099_nec,validation,clean,payer_state,state,SC,SO,SC,SO,False,50.0,19.0,sharpened,--oem 3 --psm 8 -c tessedit_char_whitelist=ABCDEFGHIJKLMNOPQRSTUVWXYZ,0.0,success,
1099_nec_2026_000080,1099_nec_2026_000080,1099_nec,validation,clean,payer_zip,text,64272,,64272,,False,0.0,0.0,sharpened,--oem 3 --psm 8 -c tessedit_char_whitelist=0123456789-,0.0,success,
1099_nec_2026_000080,1099_nec_2026_000080,1099_nec,validation,clean,payer_tin,identifier,00-3714471,00-3714471,003714471,003714471,True,100.0,91.0,sharpened,--oem 3 --psm 7 -c tessedit_char_whitelist=ABCDEFGHIJKLMNOPQRSTUVWXYZ0123456789-,0.0,success,
1099_nec_2026_000080,1099_nec_2026_000080,1099_nec,validation,clean,recipient_tin,identifier,000-22-4513,000-22-4513,000224513,000224513,True,100.0,91.0,thresholded,--oem 3 --psm 7 -c tessedit_char_whitelist=ABCDEFGHIJKLMNOPQRSTUVWXYZ0123456789-,0.0,success,
1099_nec_2026_000080,1099_nec_2026_000080,1099_nec,validation,clean,recipient_name,text,HALEY CLARK,HALEY CLARK,HALEY CLARK,HALEY CLARK,True,100.0,96.0,sharpened,--oem 3 --psm 7,0.0,success,
1099_nec_2026_000080,1099_nec_2026_000080,1099_nec,validation,clean,recipient_street,text,4577 ERIC PRAIRIE APT. 959,4577 ERIC PRAIRIE APT. 959,4577 ERIC PRAIRIE APT 959,4577 ERIC PRAIRIE APT 959,True,100.0,96.0,denoised,--oem 3 --psm 6,0.0,success,
1099_nec_2026_000080,1099_nec_2026_000080,1099_nec,validation,clean,recipient_city,text,PERRYTOWN,PERRYTOWN,PERRYTOWN,PERRYTOWN,True,100.0,92.0,sharpened,--oem 3 --psm 7,0.0,success,
1099_nec_2026_000080,1099_nec_2026_000080,1099_nec,validation,clean,recipient_state,state,WV,WW,WV,WW,False,50.0,26.0,sharpened,--oem 3 --psm 8 -c tessedit_char_whitelist=ABCDEFGHIJKLMNOPQRSTUVWXYZ,0.0,success,
1099_nec_2026_000080,1099_nec_2026_000080,1099_nec,validation,clean,recipient_zip,text,37710,0,37710,0,False,33.33,10.0,thresholded,--oem 3 --psm 8 -c tessedit_char_whitelist=0123456789-,0.0,success,
1099_nec_2026_000080,1099_nec_2026_000080,1099_nec,validation,clean,nonemployee_compensation,money,"146,445.01","$ 146,445.01",146445.01,146445.01,True,100.0,47.5,thresholded,"--oem 3 --psm 7 -c tessedit_char_whitelist=0123456789,.$()-",0.0,success,
1099_nec_2026_000080,1099_nec_2026_000080,1099_nec,validation,clean,federal_income_tax_withheld,text,0.00,0.00,0.00,0.00,True,100.0,96.0,sharpened,"--oem 3 --psm 7 -c tessedit_char_whitelist=0123456789,.$()-",0.0,success,
1099_nec_2026_000080,1099_nec_2026_000080,1099_nec,validation,clean,account_number,identifier,NEC-2026-000080,NEC-2026-000080,NEC2026000080,NEC2026000080,True,100.0,91.0,thresholded,--oem 3 --psm 7 -c tessedit_char_whitelist=ABCDEFGHIJKLMNOPQRSTUVWXYZ0123456789-,0.0,success,
1099_nec_2026_000080,1099_nec_2026_000080,1099_nec,validation,clean,state_tax_withheld,money,"2,018.93","$8,018.93.",2018.93,8018.93,False,85.71,57.0,thresholded,"--oem 3 --psm 8 -c tessedit_char_whitelist=0123456789,.$()-",0.0,success,
1099_nec_2026_000080,1099_nec_2026_000080,1099_nec,validation,clean,state_payer_number,identifier,WV-1873301,-173901,WV1873301,173901,False,66.67,0.0,sharpened,--oem 3 --psm 7 -c tessedit_char_whitelist=ABCDEFGHIJKLMNOPQRSTUVWXYZ0123456789-,0.0,success,
1099_nec_2026_000080,1099_nec_2026_000080,1099_nec,validation,clean,state_income,money,"146,445.01","$146,445.01",146445.01,146445.01,True,100.0,47.0,thresholded,"--oem 3 --psm 8 -c tessedit_char_whitelist=0123456789,.$()-",0.0,success,
1099_nec_2026_000091,1099_nec_2026_000091,1099_nec,validation,clean,payer_name,text,"NORMAN, SCHMIDT AND LINDSEY","NORMAN, SCHMIDT AND LINDSEY",NORMAN SCHMIDT AND LINDSEY,NORMAN SCHMIDT AND LINDSEY,True,100.0,96.0,sharpened,--oem 3 --psm 7,0.0,success,
1099_nec_2026_000091,1099_nec_2026_000091,1099_nec,validation,clean,payer_street,text,793 KATIE MEADOWS,793 KATIE MEADOWS,793 KATIE MEADOWS,793 KATIE MEADOWS,True,100.0,96.0,thresholded,--oem 3 --psm 6,0.0,success,
1099_nec_2026_000091,1099_nec_2026_000091,1099_nec,validation,clean,payer_city,text,STEVENBERG,STEVENBERG,STEVENBERG,STEVENBERG,True,100.0,93.0,thresholded,--oem 3 --psm 7,0.0,success,
1099_nec_2026_000091,1099_nec_2026_000091,1099_nec,validation,clean,payer_state,state,SD,SO,SD,SO,False,50.0,35.0,sharpened,--oem 3 --psm 8 -c tessedit_char_whitelist=ABCDEFGHIJKLMNOPQRSTUVWXYZ,0.0,success,
1099_nec_2026_000091,1099_nec_2026_000091,1099_nec,validation,clean,payer_zip,text,43811,,43811,,False,0.0,0.0,sharpened,--oem 3 --psm 8 -c tessedit_char_whitelist=0123456789-,0.0,success,
1099_nec_2026_000091,1099_nec_2026_000091,1099_nec,validation,clean,payer_tin,identifier,00-5609255,00-5609255,005609255,005609255,True,100.0,91.0,sharpened,--oem 3 --psm 7 -c tessedit_char_whitelist=ABCDEFGHIJKLMNOPQRSTUVWXYZ0123456789-,0.0,success,
1099_nec_2026_000091,1099_nec_2026_000091,1099_nec,validation,clean,recipient_tin,identifier,000-72-3996,000-72-3996,000723996,000723996,True,100.0,92.0,thresholded,--oem 3 --psm 7 -c tessedit_char_whitelist=ABCDEFGHIJKLMNOPQRSTUVWXYZ0123456789-,0.0,success,
1099_nec_2026_000091,1099_nec_2026_000091,1099_nec,validation,clean,recipient_name,text,MATTHEW MORGAN,MATTHEW MORGAN,MATTHEW MORGAN,MATTHEW MORGAN,True,100.0,96.0,sharpened,--oem 3 --psm 7,0.0,success,
1099_nec_2026_000091,1099_nec_2026_000091,1099_nec,validation,clean,recipient_street,text,69409 SMITH FORK SUITE 624,69409 SMITH FORK SUITE 624,69409 SMITH FORK SUITE 624,69409 SMITH FORK SUITE 624,True,100.0,96.2,denoised,--oem 3 --psm 7,0.0,success,
1099_nec_2026_000091,1099_nec_2026_000091,1099_nec,validation,clean,recipient_city,text,NEW EMILY,NEW EMILY,NEW EMILY,NEW EMILY,True,100.0,96.0,sharpened,--oem 3 --psm 7,0.0,success,
1099_nec_2026_000091,1099_nec_2026_000091,1099_nec,validation,clean,recipient_state,state,MD,WO,MD,WO,False,0.0,63.0,sharpened,--oem 3 --psm 8 -c tessedit_char_whitelist=ABCDEFGHIJKLMNOPQRSTUVWXYZ,0.0,success,
1099_nec_2026_000091,1099_nec_2026_000091,1099_nec,validation,clean,recipient_zip,text,70279,9,70279,9,False,33.33,0.0,sharpened,--oem 3 --psm 10 -c tessedit_char_whitelist=0123456789-,0.0,success,
1099_nec_2026_000091,1099_nec_2026_000091,1099_nec,validation,clean,nonemployee_compensation,money,"65,276.44","6 65,276.44",65276.44,665276.44,False,94.12,72.0,thresholded,"--oem 3 --psm 7 -c tessedit_char_whitelist=0123456789,.$()-",0.0,success,
1099_nec_2026_000091,1099_nec_2026_000091,1099_nec,validation,clean,federal_income_tax_withheld,text,0.00,0.00,0.00,0.00,True,100.0,96.0,sharpened,"--oem 3 --psm 7 -c tessedit_char_whitelist=0123456789,.$()-",0.0,success,
1099_nec_2026_000091,1099_nec_2026_000091,1099_nec,validation,clean,account_number,identifier,NEC-2026-000091,NEC-2026-000091,NEC2026000091,NEC2026000091,True,100.0,91.0,thresholded,--oem 3 --psm 7 -c tessedit_char_whitelist=ABCDEFGHIJKLMNOPQRSTUVWXYZ0123456789-,0.0,success,
1099_nec_2026_000091,1099_nec_2026_000091,1099_nec,validation,clean,state_tax_withheld,money,0.00,$0.00,0.00,0.00,True,100.0,57.0,sharpened,"--oem 3 --psm 8 -c tessedit_char_whitelist=0123456789,.$()-",0.0,success,
1099_nec_2026_000091,1099_nec_2026_000091,1099_nec,validation,clean,state_payer_number,identifier,MD-5702093,-MOS702098,MD5702093,MOS702098,False,66.67,0.0,sharpened,--oem 3 --psm 7 -c tessedit_char_whitelist=ABCDEFGHIJKLMNOPQRSTUVWXYZ0123456789-,0.0,success,
1099_nec_2026_000091,1099_nec_2026_000091,1099_nec,validation,clean,state_income,money,"65,276.44","$65,276.44",65276.44,65276.44,True,100.0,51.0,sharpened,"--oem 3 --psm 8 -c tessedit_char_whitelist=0123456789,.$()-",0.0,success,
w2_2026_000136,w2_2026_000136,w2,validation,clean,employee_ssn,identifier,000-50-3662,5362,000503662,5362,False,61.54,0.0,sharpened,--oem 3 --psm 8 -c tessedit_char_whitelist=ABCDEFGHIJKLMNOPQRSTUVWXYZ0123456789-,0.0,success,
w2_2026_000136,w2_2026_000136,w2,validation,clean,employer_ein,identifier,00-7592683,00-7592668,007592683,007592668,False,88.89,0.0,sharpened,--oem 3 --psm 8 -c tessedit_char_whitelist=ABCDEFGHIJKLMNOPQRSTUVWXYZ0123456789-,0.0,success,
w2_2026_000136,w2_2026_000136,w2,validation,clean,employer_name_address,multiline,"DUNCAN, SWEENEY AND JONES
3554 JACOBS LOCKS
PAMSTAD, WA 77429","we EREIVIVYO!D Oo TIGHIO, QUMIGOO, AIM 4b UUUS DUNCAN, SWEENEY AND JONES 3554 JACOBS LOCKS PAMSTAD, WA 77429",DUNCAN SWEENEY AND JONES 3554 JACOBS LOCKS PAMSTAD WA 77429,WE EREIVIVYO D OO TIGHIO QUMIGOO AIM 4B UUUS DUNCAN SWEENEY AND JONES 3554 JACOBS LOCKS PAMSTAD WA 77429,False,72.39,61.5,thresholded,--oem 3 --psm 11,0.0,success,
w2_2026_000136,w2_2026_000136,w2,validation,clean,control_number,identifier,W2-2026-000136,22026-00098,W22026000136,2202600098,False,72.73,25.0,thresholded,--oem 3 --psm 8 -c tessedit_char_whitelist=ABCDEFGHIJKLMNOPQRSTUVWXYZ0123456789-,0.0,success,
w2_2026_000136,w2_2026_000136,w2,validation,clean,employee_first_name,text,DANIELLE K.,DANIELLE K.,DANIELLE K,DANIELLE K,True,100.0,92.0,sharpened,--oem 3 --psm 7,0.0,success,
w2_2026_000136,w2_2026_000136,w2,validation,clean,employee_last_name,text,FISHER,FISHER,FISHER,FISHER,True,100.0,96.0,sharpened,--oem 3 --psm 7,0.0,success,
w2_2026_000136,w2_2026_000136,w2,validation,clean,employee_address,multiline,"2202 EBONY SUMMIT APT. 326
NORTH CALEBFORT, OH 07556","2202 EBONY SUMMIT APT. 326 NORTH CALEBFORT, OH 07556 f Employee’s address and ZIP code",2202 EBONY SUMMIT APT 326 NORTH CALEBFORT OH 07556,2202 EBONY SUMMIT APT 326 NORTH CALEBFORT OH 07556 F EMPLOYEE S ADDRESS AND ZIP CODE,False,74.63,94.8,sharpened,--oem 3 --psm 6,0.0,success,
w2_2026_000136,w2_2026_000136,w2,validation,clean,wages,money,"115,129.57","115,129.57",115129.57,115129.57,True,100.0,49.0,sharpened,"--oem 3 --psm 8 -c tessedit_char_whitelist=0123456789,.$()-",0.0,success,
w2_2026_000136,w2_2026_000136,w2,validation,clean,federal_tax_withheld,money,"17,628.43","17,628.48)",17628.43,17628.48,False,87.5,57.0,thresholded,"--oem 3 --psm 8 -c tessedit_char_whitelist=0123456789,.$()-",0.0,success,
w2_2026_000136,w2_2026_000136,w2,validation,clean,social_security_wages,money,"115,129.57",15.1 29.57,115129.57,15.13,False,42.86,78.0,sharpened,"--oem 3 --psm 7 -c tessedit_char_whitelist=0123456789,.$()-",0.0,success,
w2_2026_000136,w2_2026_000136,w2,validation,clean,social_security_tax_withheld,money,"7,138.03",7438.08,7138.03,7438.08,False,71.43,65.0,sharpened,"--oem 3 --psm 8 -c tessedit_char_whitelist=0123456789,.$()-",0.0,success,
w2_2026_000136,w2_2026_000136,w2,validation,clean,medicare_wages,money,"115,129.57",115.1 29.57,115129.57,115.13,False,53.33,70.0,thresholded,"--oem 3 --psm 7 -c tessedit_char_whitelist=0123456789,.$()-",0.0,success,
w2_2026_000136,w2_2026_000136,w2,validation,clean,medicare_tax_withheld,money,"1,669.38","4,669.98",1669.38,4669.98,False,71.43,58.0,sharpened,"--oem 3 --psm 8 -c tessedit_char_whitelist=0123456789,.$()-",0.0,success,
w2_2026_000136,w2_2026_000136,w2,validation,clean,state,state,OH,J,OH,J,False,0.0,0.0,sharpened,--oem 3 --psm 8 -c tessedit_char_whitelist=ABCDEFGHIJKLMNOPQRSTUVWXYZ,0.0,success,
w2_2026_000136,w2_2026_000136,w2,validation,clean,employer_state_id,identifier,OH-6643410,J0,OH6643410,J0,False,18.18,0.0,sharpened,--oem 3 --psm 7 -c tessedit_char_whitelist=ABCDEFGHIJKLMNOPQRSTUVWXYZ0123456789-,0.0,success,
w2_2026_000136,w2_2026_000136,w2,validation,clean,state_wages,money,"115,129.57","115,129.57",115129.57,115129.57,True,100.0,52.0,sharpened,"--oem 3 --psm 8 -c tessedit_char_whitelist=0123456789,.$()-",0.0,success,
w2_2026_000136,w2_2026_000136,w2,validation,clean,state_income_tax,money,"4,536.90","4,536.90)",4536.90,4536.90,True,100.0,54.0,sharpened,"--oem 3 --psm 7 -c tessedit_char_whitelist=0123456789,.$()-",0.0,success,
w2_2026_000092,w2_2026_000092,w2,validation,clean,employee_ssn,identifier,000-30-7062,J00030-7062,000307062,000307062,True,100.0,0.0,sharpened,--oem 3 --psm 8 -c tessedit_char_whitelist=ABCDEFGHIJKLMNOPQRSTUVWXYZ0123456789-,0.0,success,
w2_2026_000092,w2_2026_000092,w2,validation,clean,employer_ein,identifier,00-6228407,00-6226407,006228407,006226407,False,88.89,5.0,sharpened,--oem 3 --psm 8 -c tessedit_char_whitelist=ABCDEFGHIJKLMNOPQRSTUVWXYZ0123456789-,0.0,success,
w2_2026_000092,w2_2026_000092,w2,validation,clean,employer_name_address,multiline,"FLORES AND SONS
0785 TERRI COURTS
LAKE JOHN, ND 97108","we BIIVIVYS! Oo TICAIIIC, AUMICOSO, AH ib UYU FLORES AND SONS 0785 TERRI COURTS LAKE JOHN, ND 97108",FLORES AND SONS 0785 TERRI COURTS LAKE JOHN ND 97108,WE BIIVIVYS OO TICAIIIC AUMICOSO AH IB UYU FLORES AND SONS 0785 TERRI COURTS LAKE JOHN ND 97108,False,70.75,60.61,denoised,--oem 3 --psm 6,0.0,success,
w2_2026_000092,w2_2026_000092,w2,validation,clean,control_number,identifier,W2-2026-000092,22026-00008,W22026000092,2202600008,False,81.82,34.0,thresholded,--oem 3 --psm 8 -c tessedit_char_whitelist=ABCDEFGHIJKLMNOPQRSTUVWXYZ0123456789-,0.0,success,
w2_2026_000092,w2_2026_000092,w2,validation,clean,employee_first_name,text,WAYNE M.,WAYNE M.,WAYNE M,WAYNE M,True,100.0,92.5,denoised,--oem 3 --psm 7,0.0,success,
w2_2026_000092,w2_2026_000092,w2,validation,clean,employee_last_name,text,NELSON,NELSON,NELSON,NELSON,True,100.0,96.0,sharpened,--oem 3 --psm 7,0.0,success,
w2_2026_000092,w2_2026_000092,w2,validation,clean,employee_address,multiline,"96522 BRITTANY VALLEY
ROBINTOWN, VT 92324","96522 BRITTANY VALLEY ROBINTOWN, VT 92324 f Employee’s address and ZIP code",96522 BRITTANY VALLEY ROBINTOWN VT 92324,96522 BRITTANY VALLEY ROBINTOWN VT 92324 F EMPLOYEE S ADDRESS AND ZIP CODE,False,70.18,95.0,denoised,--oem 3 --psm 6,0.0,success,
w2_2026_000092,w2_2026_000092,w2,validation,clean,wages,money,"33,143.40","883,143.40",33143.40,883143.40,False,82.35,55.0,thresholded,"--oem 3 --psm 8 -c tessedit_char_whitelist=0123456789,.$()-",0.0,success,
w2_2026_000092,w2_2026_000092,w2,validation,clean,federal_tax_withheld,money,"3,138.06","3,138.06",3138.06,3138.06,True,100.0,76.0,sharpened,"--oem 3 --psm 7 -c tessedit_char_whitelist=0123456789,.$()-",0.0,success,
w2_2026_000092,w2_2026_000092,w2,validation,clean,social_security_wages,money,"33,143.40",33.1 43.40,33143.40,33.14,False,61.54,82.5,sharpened,"--oem 3 --psm 7 -c tessedit_char_whitelist=0123456789,.$()-",0.0,success,
w2_2026_000092,w2_2026_000092,w2,validation,clean,social_security_tax_withheld,money,"2,054.89","2,054.89",2054.89,2054.89,True,100.0,66.0,thresholded,"--oem 3 --psm 8 -c tessedit_char_whitelist=0123456789,.$()-",0.0,success,
w2_2026_000092,w2_2026_000092,w2,validation,clean,medicare_wages,money,"33,143.40",33 43.40,33143.40,3343.40,False,93.33,82.0,thresholded,"--oem 3 --psm 7 -c tessedit_char_whitelist=0123456789,.$()-",0.0,success,
w2_2026_000092,w2_2026_000092,w2,validation,clean,medicare_tax_withheld,money,480.58,8 480.58,480.58,8480.58,False,92.31,48.0,thresholded,"--oem 3 --psm 7 -c tessedit_char_whitelist=0123456789,.$()-",0.0,success,
w2_2026_000092,w2_2026_000092,w2,validation,clean,state,state,VT,,VT,,False,0.0,0.0,sharpened,--oem 3 --psm 8 -c tessedit_char_whitelist=ABCDEFGHIJKLMNOPQRSTUVWXYZ,0.0,success,
w2_2026_000092,w2_2026_000092,w2,validation,clean,employer_state_id,identifier,VT-2425342,,VT2425342,,False,0.0,0.0,sharpened,--oem 3 --psm 7 -c tessedit_char_whitelist=ABCDEFGHIJKLMNOPQRSTUVWXYZ0123456789-,0.0,success,
w2_2026_000092,w2_2026_000092,w2,validation,clean,state_wages,money,"33,143.40","83,148.40",33143.40,83148.40,False,75.0,58.0,sharpened,"--oem 3 --psm 8 -c tessedit_char_whitelist=0123456789,.$()-",0.0,success,
w2_2026_000092,w2_2026_000092,w2,validation,clean,state_income_tax,money,"1,142.83",142.88),1142.83,142.88,False,76.92,52.0,thresholded,"--oem 3 --psm 7 -c tessedit_char_whitelist=0123456789,.$()-",0.0,success,
1099_nec_2026_000113_scan_hard_02,1099_nec_2026_000113,1099_nec,validation,hard,payer_name,text,MORGAN AND SONS,a ORGAN AND SONS,MORGAN AND SONS,A ORGAN AND SONS,False,90.32,80.5,sharpened,--oem 3 --psm 6,-1.0115,success,
1099_nec_2026_000113_scan_hard_02,1099_nec_2026_000113,1099_nec,validation,hard,payer_street,text,627 HEATHER LIGHTS APT. 492,| 627 HEATHER LIGHTS APT. 492,627 HEATHER LIGHTS APT 492,627 HEATHER LIGHTS APT 492,True,100.0,95.0,thresholded,--oem 3 --psm 7,-1.0115,success,
1099_nec_2026_000113_scan_hard_02,1099_nec_2026_000113,1099_nec,validation,hard,payer_city,text,ANDREWSBOROUGH,wiy wi wv | | ANDREWSBOROUGH |,ANDREWSBOROUGH,WIY WI WV ANDREWSBOROUGH,False,73.68,63.71,sharpened,--oem 3 --psm 6,-1.0115,success,
1099_nec_2026_000113_scan_hard_02,1099_nec_2026_000113,1099_nec,validation,hard,payer_state,state,FL,PF,FL,PF,False,50.0,2.0,sharpened,--oem 3 --psm 10 -c tessedit_char_whitelist=ABCDEFGHIJKLMNOPQRSTUVWXYZ,-1.0115,success,
1099_nec_2026_000113_scan_hard_02,1099_nec_2026_000113,1099_nec,validation,hard,payer_zip,text,54409,-,54409,,False,0.0,0.0,sharpened,--oem 3 --psm 10 -c tessedit_char_whitelist=0123456789-,-1.0115,success,
1099_nec_2026_000113_scan_hard_02,1099_nec_2026_000113,1099_nec,validation,hard,payer_tin,identifier,00-6236326,,006236326,,False,0.0,0.0,sharpened,--oem 3 --psm 7 -c tessedit_char_whitelist=ABCDEFGHIJKLMNOPQRSTUVWXYZ0123456789-,-1.0115,success,
1099_nec_2026_000113_scan_hard_02,1099_nec_2026_000113,1099_nec,validation,hard,recipient_tin,identifier,000-51-3598,7,000513598,7,False,0.0,10.0,thresholded,--oem 3 --psm 7 -c tessedit_char_whitelist=ABCDEFGHIJKLMNOPQRSTUVWXYZ0123456789-,-1.0115,success,
1099_nec_2026_000113_scan_hard_02,1099_nec_2026_000113,1099_nec,validation,hard,recipient_name,text,DAVID RODGERS,DAVID RODGERS,DAVID RODGERS,DAVID RODGERS,True,100.0,96.0,sharpened,--oem 3 --psm 6,-1.0115,success,
1099_nec_2026_000113_scan_hard_02,1099_nec_2026_000113,1099_nec,validation,hard,recipient_street,text,9980 KRISTIN CORNER APT. 005,| 9980 KRISTIN CORNER APT. 005 |,9980 KRISTIN CORNER APT 005,9980 KRISTIN CORNER APT 005,True,100.0,94.14,sharpened,--oem 3 --psm 7,-1.0115,success,
1099_nec_2026_000113_scan_hard_02,1099_nec_2026_000113,1099_nec,validation,hard,recipient_city,text,WEST SARAHSTAD,| si SARAHSTAD,WEST SARAHSTAD,SI SARAHSTAD,False,84.62,74.0,sharpened,--oem 3 --psm 7,-1.0115,success,
1099_nec_2026_000113_scan_hard_02,1099_nec_2026_000113,1099_nec,validation,hard,recipient_state,state,ID,TS,ID,TS,False,0.0,0.0,thresholded,--oem 3 --psm 8 -c tessedit_char_whitelist=ABCDEFGHIJKLMNOPQRSTUVWXYZ,-1.0115,success,
1099_nec_2026_000113_scan_hard_02,1099_nec_2026_000113,1099_nec,validation,hard,recipient_zip,text,97964,0,97964,0,False,0.0,0.0,thresholded,--oem 3 --psm 8 -c tessedit_char_whitelist=0123456789-,-1.0115,success,
1099_nec_2026_000113_scan_hard_02,1099_nec_2026_000113,1099_nec,validation,hard,nonemployee_compensation,money,"8,622.09","$ 8,622.09",8622.09,8622.09,True,100.0,89.5,sharpened,"--oem 3 --psm 7 -c tessedit_char_whitelist=0123456789,.$()-",-1.0115,success,
1099_nec_2026_000113_scan_hard_02,1099_nec_2026_000113,1099_nec,validation,hard,federal_income_tax_withheld,text,951.00,951 00,951.00,95100.00,False,85.71,93.5,thresholded,"--oem 3 --psm 7 -c tessedit_char_whitelist=0123456789,.$()-",-1.0115,success,
1099_nec_2026_000113_scan_hard_02,1099_nec_2026_000113,1099_nec,validation,hard,account_number,identifier,NEC-2026-000113,TT,NEC2026000113,TT,False,0.0,14.0,thresholded,--oem 3 --psm 8 -c tessedit_char_whitelist=ABCDEFGHIJKLMNOPQRSTUVWXYZ0123456789-,-1.0115,success,
1099_nec_2026_000113_scan_hard_02,1099_nec_2026_000113,1099_nec,validation,hard,state_tax_withheld,money,344.54,$,344.54,,False,0.0,0.0,sharpened,"--oem 3 --psm 7 -c tessedit_char_whitelist=0123456789,.$()-",-1.0115,success,
1099_nec_2026_000113_scan_hard_02,1099_nec_2026_000113,1099_nec,validation,hard,state_payer_number,identifier,ID-9739692,W,ID9739692,W,False,0.0,0.0,sharpened,--oem 3 --psm 8 -c tessedit_char_whitelist=ABCDEFGHIJKLMNOPQRSTUVWXYZ0123456789-,-1.0115,success,
1099_nec_2026_000113_scan_hard_02,1099_nec_2026_000113,1099_nec,validation,hard,state_income,money,"8,622.09",$8622.09,8622.09,8622.09,True,100.0,45.0,thresholded,"--oem 3 --psm 7 -c tessedit_char_whitelist=0123456789,.$()-",-1.0115,success,
1099_nec_2026_000031_scan_hard_02,1099_nec_2026_000031,1099_nec,validation,hard,payer_name,text,JENKINS-BELL,| PATEr > name ;,JENKINS BELL,PATER NAME,False,27.27,63.6,sharpened,--oem 3 --psm 6,0.9134,success,
1099_nec_2026_000031_scan_hard_02,1099_nec_2026_000031,1099_nec,validation,hard,payer_street,text,512 PATTERSON FALL APT. 866,512 PATTERSON FALL APT. 866 |,512 PATTERSON FALL APT 866,512 PATTERSON FALL APT 866,True,100.0,91.83,thresholded,--oem 3 --psm 7,0.9134,success,
1099_nec_2026_000031_scan_hard_02,1099_nec_2026_000031,1099_nec,validation,hard,payer_city,text,MEGANCHESTER,Unty Or town MEGANCHESTER |,MEGANCHESTER,UNTY OR TOWN MEGANCHESTER,False,64.86,71.6,denoised,--oem 3 --psm 6,0.9134,success,
1099_nec_2026_000031_scan_hard_02,1099_nec_2026_000031,1099_nec,validation,hard,payer_state,state,SC,ES,SC,ES,False,50.0,5.0,sharpened,--oem 3 --psm 8 -c tessedit_char_whitelist=ABCDEFGHIJKLMNOPQRSTUVWXYZ,0.9134,success,
1099_nec_2026_000031_scan_hard_02,1099_nec_2026_000031,1099_nec,validation,hard,payer_zip,text,37626,,37626,,False,0.0,0.0,sharpened,--oem 3 --psm 8 -c tessedit_char_whitelist=0123456789-,0.9134,success,
1099_nec_2026_000031_scan_hard_02,1099_nec_2026_000031,1099_nec,validation,hard,payer_tin,identifier,00-4470388,-,004470388,,False,0.0,0.0,sharpened,--oem 3 --psm 7 -c tessedit_char_whitelist=ABCDEFGHIJKLMNOPQRSTUVWXYZ0123456789-,0.9134,success,
1099_nec_2026_000031_scan_hard_02,1099_nec_2026_000031,1099_nec,validation,hard,recipient_tin,identifier,000-93-8474,,000938474,,False,0.0,0.0,sharpened,--oem 3 --psm 7 -c tessedit_char_whitelist=ABCDEFGHIJKLMNOPQRSTUVWXYZ0123456789-,0.9134,success,
1099_nec_2026_000031_scan_hard_02,1099_nec_2026_000031,1099_nec,validation,hard,recipient_name,text,TERESA BULLOCK,. TERESA BU tock.,TERESA BULLOCK,TERESA BU TOCK,False,85.71,62.5,thresholded,--oem 3 --psm 7,0.9134,success,
1099_nec_2026_000031_scan_hard_02,1099_nec_2026_000031,1099_nec,validation,hard,recipient_street,text,11096 TYLER TERRACE,| 11096 TYLER TERRACE,11096 TYLER TERRACE,11096 TYLER TERRACE,True,100.0,95.0,sharpened,--oem 3 --psm 6,0.9134,success,
1099_nec_2026_000031_scan_hard_02,1099_nec_2026_000031,1099_nec,validation,hard,recipient_city,text,LAKE SEANSHIRE,| LANE SEANSHIRE,LAKE SEANSHIRE,LANE SEANSHIRE,False,92.86,71.33,denoised,--oem 3 --psm 7,0.9134,success,
1099_nec_2026_000031_scan_hard_02,1099_nec_2026_000031,1099_nec,validation,hard,recipient_state,state,AS,SS,AS,SS,False,50.0,8.0,sharpened,--oem 3 --psm 8 -c tessedit_char_whitelist=ABCDEFGHIJKLMNOPQRSTUVWXYZ,0.9134,success,
1099_nec_2026_000031_scan_hard_02,1099_nec_2026_000031,1099_nec,validation,hard,recipient_zip,text,04778,,04778,,False,0.0,0.0,sharpened,--oem 3 --psm 8 -c tessedit_char_whitelist=0123456789-,0.9134,success,
1099_nec_2026_000031_scan_hard_02,1099_nec_2026_000031,1099_nec,validation,hard,nonemployee_compensation,money,"135,839.19","$ 135,839.19",135839.19,135839.19,True,100.0,76.0,thresholded,"--oem 3 --psm 7 -c tessedit_char_whitelist=0123456789,.$()-",0.9134,success,
1099_nec_2026_000031_scan_hard_02,1099_nec_2026_000031,1099_nec,validation,hard,federal_income_tax_withheld,text,0.00,0.00,0.00,0.00,True,100.0,50.0,thresholded,"--oem 3 --psm 7 -c tessedit_char_whitelist=0123456789,.$()-",0.9134,success,
1099_nec_2026_000031_scan_hard_02,1099_nec_2026_000031,1099_nec,validation,hard,account_number,identifier,NEC-2026-000031,NEC2026-000031 SBISUUUUU,NEC2026000031,NEC2026000031SBISUUUUU,False,74.29,0.0,thresholded,--oem 3 --psm 7 -c tessedit_char_whitelist=ABCDEFGHIJKLMNOPQRSTUVWXYZ0123456789-,0.9134,success,
1099_nec_2026_000031_scan_hard_02,1099_nec_2026_000031,1099_nec,validation,hard,state_tax_withheld,money,0.00,$0.00,0.00,0.00,True,100.0,62.0,thresholded,"--oem 3 --psm 7 -c tessedit_char_whitelist=0123456789,.$()-",0.9134,success,
1099_nec_2026_000031_scan_hard_02,1099_nec_2026_000031,1099_nec,validation,hard,state_payer_number,identifier,AS-1910586,AS1910506,AS1910586,AS1910506,False,88.89,0.0,sharpened,--oem 3 --psm 8 -c tessedit_char_whitelist=ABCDEFGHIJKLMNOPQRSTUVWXYZ0123456789-,0.9134,success,
1099_nec_2026_000031_scan_hard_02,1099_nec_2026_000031,1099_nec,validation,hard,state_income,money,"135,839.19","$195,800.19",135839.19,195800.19,False,66.67,26.0,sharpened,"--oem 3 --psm 7 -c tessedit_char_whitelist=0123456789,.$()-",0.9134,success,
w2_2026_000243_scan_hard_02,w2_2026_000243,w2,validation,hard,employee_ssn,identifier,000-63-9773,J7,000639773,7,False,20.0,0.0,thresholded,--oem 3 --psm 7 -c tessedit_char_whitelist=ABCDEFGHIJKLMNOPQRSTUVWXYZ0123456789-,0.2838,success,
w2_2026_000243_scan_hard_02,w2_2026_000243,w2,validation,hard,employer_ein,identifier,00-8966231,ME,008966231,,False,0.0,18.0,sharpened,--oem 3 --psm 8 -c tessedit_char_whitelist=ABCDEFGHIJKLMNOPQRSTUVWXYZ0123456789-,0.2838,success,
w2_2026_000243_scan_hard_02,w2_2026_000243,w2,validation,hard,employer_name_address,multiline,"HENDRICKS, WOLFE AND BOWEN
6815 KARINA PARKWAYS
ROBERTBURGH, KS 27681",cS Uripwoye 5 ANO BOWEN 6815 KARINA PARKWA KS 27681,HENDRICKS WOLFE AND BOWEN 6815 KARINA PARKWAYS ROBERTBURGH KS 27681,CS URIPWOYE 5 ANO BOWEN 6815 KARINA PARKWA KS 27681,False,72.88,74.0,sharpened,--oem 3 --psm 11,0.2838,success,
w2_2026_000243_scan_hard_02,w2_2026_000243,w2,validation,hard,control_number,identifier,W2-2026-000243,CCU,W22026000243,CCU,False,0.0,6.0,sharpened,--oem 3 --psm 8 -c tessedit_char_whitelist=ABCDEFGHIJKLMNOPQRSTUVWXYZ0123456789-,0.2838,success,
w2_2026_000243_scan_hard_02,w2_2026_000243,w2,validation,hard,employee_first_name,text,JOSHUA U.,JOSHUA U.,JOSHUA U,JOSHUA U,True,100.0,87.5,thresholded,--oem 3 --psm 7,0.2838,success,
w2_2026_000243_scan_hard_02,w2_2026_000243,w2,validation,hard,employee_last_name,text,MEDINA,MEDINA,MEDINA,MEDINA,True,100.0,89.0,thresholded,--oem 3 --psm 7,0.2838,success,
w2_2026_000243_scan_hard_02,w2_2026_000243,w2,validation,hard,employee_address,multiline,"0176 REESE WALKS
SOUTH BENJAMIN, KS 15532",0176 REESE WALKS BENJAMIN. CS 16632 ¢ Employee's address and ZIP code,0176 REESE WALKS SOUTH BENJAMIN KS 15532,0176 REESE WALKS BENJAMIN CS 16632 EMPLOYEE S ADDRESS AND ZIP CODE,False,58.49,83.0,thresholded,--oem 3 --psm 11,0.2838,success,
w2_2026_000243_scan_hard_02,w2_2026_000243,w2,validation,hard,wages,money,"97,455.43",". , 9745543",97455.43,0.97,False,33.33,4.67,thresholded,"--oem 3 --psm 7 -c tessedit_char_whitelist=0123456789,.$()-",0.2838,success,
w2_2026_000243_scan_hard_02,w2_2026_000243,w2,validation,hard,federal_tax_withheld,money,"22,932.52",822.82,22932.52,822.82,False,57.14,0.0,thresholded,"--oem 3 --psm 7 -c tessedit_char_whitelist=0123456789,.$()-",0.2838,success,
w2_2026_000243_scan_hard_02,w2_2026_000243,w2,validation,hard,social_security_wages,money,"97,455.43","97,466.43.",97455.43,97466.43,False,75.0,69.0,thresholded,"--oem 3 --psm 7 -c tessedit_char_whitelist=0123456789,.$()-",0.2838,success,
w2_2026_000243_scan_hard_02,w2_2026_000243,w2,validation,hard,social_security_tax_withheld,money,"6,042.24",000.36,6042.24,0.36,False,36.36,8.0,thresholded,"--oem 3 --psm 8 -c tessedit_char_whitelist=0123456789,.$()-",0.2838,success,
w2_2026_000243_scan_hard_02,w2_2026_000243,w2,validation,hard,medicare_wages,money,"97,455.43","97,488.49",97455.43,97488.49,False,62.5,0.0,sharpened,"--oem 3 --psm 7 -c tessedit_char_whitelist=0123456789,.$()-",0.2838,success,
w2_2026_000243_scan_hard_02,w2_2026_000243,w2,validation,hard,medicare_tax_withheld,money,"1,413.10",10,1413.10,10.00,False,50.0,0.0,thresholded,"--oem 3 --psm 8 -c tessedit_char_whitelist=0123456789,.$()-",0.2838,success,
w2_2026_000243_scan_hard_02,w2_2026_000243,w2,validation,hard,state,state,KS,I,KS,I,False,0.0,0.0,sharpened,--oem 3 --psm 10 -c tessedit_char_whitelist=ABCDEFGHIJKLMNOPQRSTUVWXYZ,0.2838,success,
w2_2026_000243_scan_hard_02,w2_2026_000243,w2,validation,hard,employer_state_id,identifier,KS-7623718,,KS7623718,,False,0.0,0.0,sharpened,--oem 3 --psm 7 -c tessedit_char_whitelist=ABCDEFGHIJKLMNOPQRSTUVWXYZ0123456789-,0.2838,success,
w2_2026_000243_scan_hard_02,w2_2026_000243,w2,validation,hard,state_wages,money,"97,455.43",9748543),97455.43,9748543.00,False,66.67,48.0,sharpened,"--oem 3 --psm 7 -c tessedit_char_whitelist=0123456789,.$()-",0.2838,success,
w2_2026_000243_scan_hard_02,w2_2026_000243,w2,validation,hard,state_income_tax,money,"3,735.68",7,3735.68,7.00,False,36.36,0.0,sharpened,"--oem 3 --psm 8 -c tessedit_char_whitelist=0123456789,.$()-",0.2838,success,
1099_nec_2026_000036_scan_hard_02,1099_nec_2026_000036,1099_nec,validation,hard,payer_name,text,"CLEMENTS, MORENO AND SANDERS",rei art ~,CLEMENTS MORENO AND SANDERS,REI ART,False,29.41,28.33,denoised,--oem 3 --psm 7,0.677,success,
1099_nec_2026_000036_scan_hard_02,1099_nec_2026_000036,1099_nec,validation,hard,payer_street,text,56253 JASON LANDING,Ques Gurus $0253 JABON LaNOING |,56253 JASON LANDING,QUES GURUS 0253 JABON LANOING,False,62.5,29.67,thresholded,--oem 3 --psm 6,0.677,success,
1099_nec_2026_000036_scan_hard_02,1099_nec_2026_000036,1099_nec,validation,hard,payer_city,text,DUSTINMOUTH,/DusTmmou OUSTINMOUTH | Se,DUSTINMOUTH,DUSTMMOU OUSTINMOUTH SE,False,64.71,45.25,denoised,--oem 3 --psm 6,0.677,success,
1099_nec_2026_000036_scan_hard_02,1099_nec_2026_000036,1099_nec,validation,hard,payer_state,state,DE,EE,DE,EE,False,50.0,0.0,sharpened,--oem 3 --psm 8 -c tessedit_char_whitelist=ABCDEFGHIJKLMNOPQRSTUVWXYZ,0.677,success,
1099_nec_2026_000036_scan_hard_02,1099_nec_2026_000036,1099_nec,validation,hard,payer_zip,text,01763,,01763,,False,0.0,0.0,sharpened,--oem 3 --psm 8 -c tessedit_char_whitelist=0123456789-,0.677,success,
1099_nec_2026_000036_scan_hard_02,1099_nec_2026_000036,1099_nec,validation,hard,payer_tin,identifier,00-3913368,7,003913368,7,False,0.0,12.0,thresholded,--oem 3 --psm 7 -c tessedit_char_whitelist=ABCDEFGHIJKLMNOPQRSTUVWXYZ0123456789-,0.677,success,
1099_nec_2026_000036_scan_hard_02,1099_nec_2026_000036,1099_nec,validation,hard,recipient_tin,identifier,000-26-2696,I,000262696,1,False,0.0,6.0,sharpened,--oem 3 --psm 7 -c tessedit_char_whitelist=ABCDEFGHIJKLMNOPQRSTUVWXYZ0123456789-,0.677,success,
1099_nec_2026_000036_scan_hard_02,1099_nec_2026_000036,1099_nec,validation,hard,recipient_name,text,ADAM MURPHY,ee MURPHY,ADAM MURPHY,EE MURPHY,False,70.0,54.5,denoised,--oem 3 --psm 7,0.677,success,
1099_nec_2026_000036_scan_hard_02,1099_nec_2026_000036,1099_nec,validation,hard,recipient_street,text,538 PAUL RAPIDS APT. 831,STEN suvuss $98 PAUL RAPIOS APT. 83,538 PAUL RAPIDS APT 831,STEN SUVUSS 98 PAUL RAPIOS APT 83,False,67.86,58.0,sharpened,--oem 3 --psm 6,0.677,success,
1099_nec_2026_000036_scan_hard_02,1099_nec_2026_000036,1099_nec,validation,hard,recipient_city,text,JENNIFERLAND,JENBUFERLAND,JENNIFERLAND,JENBUFERLAND,False,83.33,0.0,sharpened,--oem 3 --psm 7,0.677,success,
1099_nec_2026_000036_scan_hard_02,1099_nec_2026_000036,1099_nec,validation,hard,recipient_state,state,OK,SS,OK,SS,False,0.0,5.0,sharpened,--oem 3 --psm 10 -c tessedit_char_whitelist=ABCDEFGHIJKLMNOPQRSTUVWXYZ,0.677,success,
1099_nec_2026_000036_scan_hard_02,1099_nec_2026_000036,1099_nec,validation,hard,recipient_zip,text,85208,,85208,,False,0.0,0.0,sharpened,--oem 3 --psm 8 -c tessedit_char_whitelist=0123456789-,0.677,success,
1099_nec_2026_000036_scan_hard_02,1099_nec_2026_000036,1099_nec,validation,hard,nonemployee_compensation,money,"84,022.53","$ 84,022.53",84022.53,84022.53,True,100.0,84.0,sharpened,"--oem 3 --psm 7 -c tessedit_char_whitelist=0123456789,.$()-",0.677,success,
1099_nec_2026_000036_scan_hard_02,1099_nec_2026_000036,1099_nec,validation,hard,federal_income_tax_withheld,text,0.00,. 0.00,0.00,0.00,True,100.0,60.5,thresholded,"--oem 3 --psm 7 -c tessedit_char_whitelist=0123456789,.$()-",0.677,success,
1099_nec_2026_000036_scan_hard_02,1099_nec_2026_000036,1099_nec,validation,hard,account_number,identifier,NEC-2026-000036,TRPYSSUF,NEC2026000036,TRPYSSUF,False,0.0,0.0,sharpened,--oem 3 --psm 7 -c tessedit_char_whitelist=ABCDEFGHIJKLMNOPQRSTUVWXYZ0123456789-,0.677,success,
1099_nec_2026_000036_scan_hard_02,1099_nec_2026_000036,1099_nec,validation,hard,state_tax_withheld,money,0.00,$$.,0.00,.,False,40.0,13.0,thresholded,"--oem 3 --psm 8 -c tessedit_char_whitelist=0123456789,.$()-",0.677,success,
1099_nec_2026_000036_scan_hard_02,1099_nec_2026_000036,1099_nec,validation,hard,state_payer_number,identifier,OK-6399642,K,OK6399642,K,False,20.0,0.0,sharpened,--oem 3 --psm 8 -c tessedit_char_whitelist=ABCDEFGHIJKLMNOPQRSTUVWXYZ0123456789-,0.677,success,
1099_nec_2026_000036_scan_hard_02,1099_nec_2026_000036,1099_nec,validation,hard,state_income,money,"84,022.53",. 4.0 -,84022.53,.40-,False,33.33,12.67,sharpened,"--oem 3 --psm 7 -c tessedit_char_whitelist=0123456789,.$()-",0.677,success,
w2_2026_000065_scan_hard_02,w2_2026_000065,w2,validation,hard,employee_ssn,identifier,000-53-9318,-S8 SSUCKESOUUTILYHT,000539318,58555011,False,23.53,0.0,thresholded,--oem 3 --psm 7 -c tessedit_char_whitelist=ABCDEFGHIJKLMNOPQRSTUVWXYZ0123456789-,0.3821,success,
w2_2026_000065_scan_hard_02,w2_2026_000065,w2,validation,hard,employer_ein,identifier,00-5482413,OS,005482413,05,False,36.36,21.0,thresholded,--oem 3 --psm 8 -c tessedit_char_whitelist=ABCDEFGHIJKLMNOPQRSTUVWXYZ0123456789-,0.3821,success,
w2_2026_000065_scan_hard_02,w2_2026_000065,w2,validation,hard,employer_name_address,multiline,"LOPEZ PLC
3540 SHARON STREETS
LAKE YVONNEFORT, PW 32298","name, acoress, ang Zir LOPEZ PLC 3540 SHARON STREETS",LOPEZ PLC 3540 SHARON STREETS LAKE YVONNEFORT PW 32298,NAME ACORESS ANG ZIR LOPEZ PLC 3540 SHARON STREETS,False,55.77,86.89,denoised,--oem 3 --psm 11,0.3821,success,
w2_2026_000065_scan_hard_02,w2_2026_000065,w2,validation,hard,control_number,identifier,W2-2026-000065,W2-2026-000065,W22026000065,W22026000065,True,100.0,0.0,thresholded,--oem 3 --psm 7 -c tessedit_char_whitelist=ABCDEFGHIJKLMNOPQRSTUVWXYZ0123456789-,0.3821,success,
w2_2026_000065_scan_hard_02,w2_2026_000065,w2,validation,hard,employee_first_name,text,NICHOLAS T.,NICHOLAS T.,NICHOLAS T,NICHOLAS T,True,100.0,92.5,sharpened,--oem 3 --psm 6,0.3821,success,
w2_2026_000065_scan_hard_02,w2_2026_000065,w2,validation,hard,employee_last_name,text,MORRISON,MORRISON,MORRISON,MORRISON,True,100.0,96.0,thresholded,--oem 3 --psm 7,0.3821,success,
w2_2026_000065_scan_hard_02,w2_2026_000065,w2,validation,hard,employee_address,multiline,"3854 OWENS RUN
KYLESTAD, NY 65680","3854 OWENS RUN KYLESTAD, NY 65680 f Employee's address and ZIP code",3854 OWENS RUN KYLESTAD NY 65680,3854 OWENS RUN KYLESTAD NY 65680 F EMPLOYEE S ADDRESS AND ZIP CODE,False,65.31,90.75,thresholded,--oem 3 --psm 6,0.3821,success,
w2_2026_000065_scan_hard_02,w2_2026_000065,w2,validation,hard,wages,money,"50,902.29",0.90229),50902.29,0.90,False,50.0,30.0,thresholded,"--oem 3 --psm 8 -c tessedit_char_whitelist=0123456789,.$()-",0.3821,success,
w2_2026_000065_scan_hard_02,w2_2026_000065,w2,validation,hard,federal_tax_withheld,money,"11,109.14","14,400.14",11109.14,14400.14,False,62.5,0.0,sharpened,"--oem 3 --psm 7 -c tessedit_char_whitelist=0123456789,.$()-",0.3821,success,
w2_2026_000065_scan_hard_02,w2_2026_000065,w2,validation,hard,social_security_wages,money,"50,902.29",". . 50,902.29.",50902.29,0.51,False,33.33,25.67,thresholded,"--oem 3 --psm 7 -c tessedit_char_whitelist=0123456789,.$()-",0.3821,success,
w2_2026_000065_scan_hard_02,w2_2026_000065,w2,validation,hard,social_security_tax_withheld,money,"3,155.94","9, 3,185.94",3155.94,93185.94,False,80.0,25.5,thresholded,"--oem 3 --psm 7 -c tessedit_char_whitelist=0123456789,.$()-",0.3821,success,
w2_2026_000065_scan_hard_02,w2_2026_000065,w2,validation,hard,medicare_wages,money,"50,902.29","50,902.29",50902.29,50902.29,True,100.0,45.0,thresholded,"--oem 3 --psm 7 -c tessedit_char_whitelist=0123456789,.$()-",0.3821,success,
w2_2026_000065_scan_hard_02,w2_2026_000065,w2,validation,hard,medicare_tax_withheld,money,738.08,738.08,738.08,738.08,True,100.0,0.0,thresholded,"--oem 3 --psm 7 -c tessedit_char_whitelist=0123456789,.$()-",0.3821,success,
w2_2026_000065_scan_hard_02,w2_2026_000065,w2,validation,hard,state,state,NY,IN,NY,IN,False,50.0,0.0,sharpened,--oem 3 --psm 10 -c tessedit_char_whitelist=ABCDEFGHIJKLMNOPQRSTUVWXYZ,0.3821,success,
w2_2026_000065_scan_hard_02,w2_2026_000065,w2,validation,hard,employer_state_id,identifier,NY-9214801,N,NY9214801,N,False,20.0,0.0,sharpened,--oem 3 --psm 7 -c tessedit_char_whitelist=ABCDEFGHIJKLMNOPQRSTUVWXYZ0123456789-,0.3821,success,
w2_2026_000065_scan_hard_02,w2_2026_000065,w2,validation,hard,state_wages,money,"50,902.29","50,902.29",50902.29,50902.29,True,100.0,21.0,thresholded,"--oem 3 --psm 7 -c tessedit_char_whitelist=0123456789,.$()-",0.3821,success,
w2_2026_000065_scan_hard_02,w2_2026_000065,w2,validation,hard,state_income_tax,money,914.01,91401,914.01,91401.00,False,71.43,14.0,thresholded,"--oem 3 --psm 7 -c tessedit_char_whitelist=0123456789,.$()-",0.3821,success,
w2_2026_000077_scan_hard_02,w2_2026_000077,w2,validation,hard,employee_ssn,identifier,000-81-6992,,000816992,,False,0.0,0.0,sharpened,--oem 3 --psm 7 -c tessedit_char_whitelist=ABCDEFGHIJKLMNOPQRSTUVWXYZ0123456789-,-0.5317,success,
w2_2026_000077_scan_hard_02,w2_2026_000077,w2,validation,hard,employer_ein,identifier,00-2515030,MO,002515030,0,False,20.0,25.0,sharpened,--oem 3 --psm 8 -c tessedit_char_whitelist=ABCDEFGHIJKLMNOPQRSTUVWXYZ0123456789-,-0.5317,success,
w2_2026_000077_scan_hard_02,w2_2026_000077,w2,validation,hard,employer_name_address,multiline,"PRICE, CARLSON AND ANDREWS
78282 ROBERTS FERRY SUITE 790
STEPHANIEFORT, DC 26076","e CMvye 5 ane, B00TeSS, ano <i’ Code PRICE, CARLSON AND ANDREWS 78282 ROBERTS FERRY SUITE 790 STEPHANIEFORT, OC 26076",PRICE CARLSON AND ANDREWS 78282 ROBERTS FERRY SUITE 790 STEPHANIEFORT DC 26076,E CMVYE 5 ANE B00TESS ANO I CODE PRICE CARLSON AND ANDREWS 78282 ROBERTS FERRY SUITE 790 STEPHANIEFORT OC 26076,False,81.48,66.65,denoised,--oem 3 --psm 6,-0.5317,success,
w2_2026_000077_scan_hard_02,w2_2026_000077,w2,validation,hard,control_number,identifier,W2-2026-000077,WSS007T,W22026000077,WSS007T,False,42.11,0.0,thresholded,--oem 3 --psm 7 -c tessedit_char_whitelist=ABCDEFGHIJKLMNOPQRSTUVWXYZ0123456789-,-0.5317,success,
w2_2026_000077_scan_hard_02,w2_2026_000077,w2,validation,hard,employee_first_name,text,DARYL L.,DARYL L.,DARYL L,DARYL L,True,100.0,87.0,denoised,--oem 3 --psm 7,-0.5317,success,
w2_2026_000077_scan_hard_02,w2_2026_000077,w2,validation,hard,employee_last_name,text,STEELE,STEELE,STEELE,STEELE,True,100.0,96.0,thresholded,--oem 3 --psm 6,-0.5317,success,
w2_2026_000077_scan_hard_02,w2_2026_000077,w2,validation,hard,employee_address,multiline,"876 PERRY VILLE SUITE 721
PORT KATHLEENPORT, AZ 36526","876 PERRY VILLE SUITE 721 PORT KATHLEENPORT, AZ 36526 f Employee's address and ZIP code",876 PERRY VILLE SUITE 721 PORT KATHLEENPORT AZ 36526,876 PERRY VILLE SUITE 721 PORT KATHLEENPORT AZ 36526 F EMPLOYEE S ADDRESS AND ZIP CODE,False,75.36,89.47,sharpened,--oem 3 --psm 6,-0.5317,success,
w2_2026_000077_scan_hard_02,w2_2026_000077,w2,validation,hard,wages,money,"84,826.98",".,, 4.226.98",84826.98,0.42,False,33.33,0.0,sharpened,"--oem 3 --psm 7 -c tessedit_char_whitelist=0123456789,.$()-",-0.5317,success,
w2_2026_000077_scan_hard_02,w2_2026_000077,w2,validation,hard,federal_tax_withheld,money,"17,701.46",770146),17701.46,770146.00,False,70.59,34.0,thresholded,"--oem 3 --psm 8 -c tessedit_char_whitelist=0123456789,.$()-",-0.5317,success,
w2_2026_000077_scan_hard_02,w2_2026_000077,w2,validation,hard,social_security_wages,money,"84,826.98","94,826.98.",84826.98,94826.98,False,87.5,0.0,sharpened,"--oem 3 --psm 7 -c tessedit_char_whitelist=0123456789,.$()-",-0.5317,success,
w2_2026_000077_scan_hard_02,w2_2026_000077,w2,validation,hard,social_security_tax_withheld,money,"5,259.27",7) 27,5259.27,727.00,False,30.77,0.0,sharpened,"--oem 3 --psm 7 -c tessedit_char_whitelist=0123456789,.$()-",-0.5317,success,
w2_2026_000077_scan_hard_02,w2_2026_000077,w2,validation,hard,medicare_wages,money,"84,826.98","84,826.98",84826.98,84826.98,True,100.0,42.0,sharpened,"--oem 3 --psm 7 -c tessedit_char_whitelist=0123456789,.$()-",-0.5317,success,
w2_2026_000077_scan_hard_02,w2_2026_000077,w2,validation,hard,medicare_tax_withheld,money,"1,229.99",1229.99),1229.99,1229.99,True,100.0,53.0,sharpened,"--oem 3 --psm 7 -c tessedit_char_whitelist=0123456789,.$()-",-0.5317,success,
w2_2026_000077_scan_hard_02,w2_2026_000077,w2,validation,hard,state,state,AZ,ZI,AZ,ZI,False,50.0,0.0,thresholded,--oem 3 --psm 8 -c tessedit_char_whitelist=ABCDEFGHIJKLMNOPQRSTUVWXYZ,-0.5317,success,
w2_2026_000077_scan_hard_02,w2_2026_000077,w2,validation,hard,employer_state_id,identifier,AZ-8630043,J,AZ8630043,J,False,0.0,0.0,thresholded,--oem 3 --psm 7 -c tessedit_char_whitelist=ABCDEFGHIJKLMNOPQRSTUVWXYZ0123456789-,-0.5317,success,
w2_2026_000077_scan_hard_02,w2_2026_000077,w2,validation,hard,state_wages,money,"84,826.98","84,826.98",84826.98,84826.98,True,100.0,23.0,sharpened,"--oem 3 --psm 8 -c tessedit_char_whitelist=0123456789,.$()-",-0.5317,success,
w2_2026_000077_scan_hard_02,w2_2026_000077,w2,validation,hard,state_income_tax,money,"2,582.26",258226),2582.26,258226.00,False,75.0,43.0,sharpened,"--oem 3 --psm 8 -c tessedit_char_whitelist=0123456789,.$()-",-0.5317,success,
1099_nec_2026_000031_scan_mild_01,1099_nec_2026_000031,1099_nec,validation,mild,payer_name,text,JENKINS-BELL,JENKINS-BELL,JENKINS BELL,JENKINS BELL,True,100.0,92.0,sharpened,--oem 3 --psm 6,0.3768,success,
1099_nec_2026_000031_scan_mild_01,1099_nec_2026_000031,1099_nec,validation,mild,payer_street,text,512 PATTERSON FALL APT. 866,512 PATTERSON FALL APT. 866,512 PATTERSON FALL APT 866,512 PATTERSON FALL APT 866,True,100.0,96.0,sharpened,--oem 3 --psm 7,0.3768,success,
1099_nec_2026_000031_scan_mild_01,1099_nec_2026_000031,1099_nec,validation,mild,payer_city,text,MEGANCHESTER,MEGANCHESTER,MEGANCHESTER,MEGANCHESTER,True,100.0,93.0,sharpened,--oem 3 --psm 7,0.3768,success,
1099_nec_2026_000031_scan_mild_01,1099_nec_2026_000031,1099_nec,validation,mild,payer_state,state,SC,LL,SC,LL,False,0.0,15.0,sharpened,--oem 3 --psm 10 -c tessedit_char_whitelist=ABCDEFGHIJKLMNOPQRSTUVWXYZ,0.3768,success,
1099_nec_2026_000031_scan_mild_01,1099_nec_2026_000031,1099_nec,validation,mild,payer_zip,text,37626,37005,37626,37005,False,40.0,35.0,thresholded,--oem 3 --psm 10 -c tessedit_char_whitelist=0123456789-,0.3768,success,
1099_nec_2026_000031_scan_mild_01,1099_nec_2026_000031,1099_nec,validation,mild,payer_tin,identifier,00-4470388,00-4470388,004470388,004470388,True,100.0,65.0,sharpened,--oem 3 --psm 7 -c tessedit_char_whitelist=ABCDEFGHIJKLMNOPQRSTUVWXYZ0123456789-,0.3768,success,
1099_nec_2026_000031_scan_mild_01,1099_nec_2026_000031,1099_nec,validation,mild,recipient_tin,identifier,000-93-8474,00-93-8474,000938474,00938474,False,94.12,51.0,thresholded,--oem 3 --psm 7 -c tessedit_char_whitelist=ABCDEFGHIJKLMNOPQRSTUVWXYZ0123456789-,0.3768,success,
1099_nec_2026_000031_scan_mild_01,1099_nec_2026_000031,1099_nec,validation,mild,recipient_name,text,TERESA BULLOCK,TERESA BULLOCK,TERESA BULLOCK,TERESA BULLOCK,True,100.0,96.0,thresholded,--oem 3 --psm 6,0.3768,success,
1099_nec_2026_000031_scan_mild_01,1099_nec_2026_000031,1099_nec,validation,mild,recipient_street,text,11096 TYLER TERRACE,11096 TYLER TERRACE,11096 TYLER TERRACE,11096 TYLER TERRACE,True,100.0,94.33,sharpened,--oem 3 --psm 7,0.3768,success,
1099_nec_2026_000031_scan_mild_01,1099_nec_2026_000031,1099_nec,validation,mild,recipient_city,text,LAKE SEANSHIRE,LAKE SEANSHIRE,LAKE SEANSHIRE,LAKE SEANSHIRE,True,100.0,92.5,sharpened,--oem 3 --psm 7,0.3768,success,
1099_nec_2026_000031_scan_mild_01,1099_nec_2026_000031,1099_nec,validation,mild,recipient_state,state,AS,FT,AS,FT,False,0.0,0.0,sharpened,--oem 3 --psm 8 -c tessedit_char_whitelist=ABCDEFGHIJKLMNOPQRSTUVWXYZ,0.3768,success,
1099_nec_2026_000031_scan_mild_01,1099_nec_2026_000031,1099_nec,validation,mild,recipient_zip,text,04778,,04778,,False,0.0,0.0,sharpened,--oem 3 --psm 8 -c tessedit_char_whitelist=0123456789-,0.3768,success,
1099_nec_2026_000031_scan_mild_01,1099_nec_2026_000031,1099_nec,validation,mild,nonemployee_compensation,money,"135,839.19","135,839.19",135839.19,135839.19,True,100.0,95.0,thresholded,"--oem 3 --psm 7 -c tessedit_char_whitelist=0123456789,.$()-",0.3768,success,
1099_nec_2026_000031_scan_mild_01,1099_nec_2026_000031,1099_nec,validation,mild,federal_income_tax_withheld,text,0.00,. 0.00,0.00,0.00,True,100.0,74.0,thresholded,"--oem 3 --psm 7 -c tessedit_char_whitelist=0123456789,.$()-",0.3768,success,
1099_nec_2026_000031_scan_mild_01,1099_nec_2026_000031,1099_nec,validation,mild,account_number,identifier,NEC-2026-000031,NEC2026-000081,NEC2026000031,NEC2026000081,False,92.31,3.0,thresholded,--oem 3 --psm 7 -c tessedit_char_whitelist=ABCDEFGHIJKLMNOPQRSTUVWXYZ0123456789-,0.3768,success,
1099_nec_2026_000031_scan_mild_01,1099_nec_2026_000031,1099_nec,validation,mild,state_tax_withheld,money,0.00,$,0.00,,False,0.0,0.0,sharpened,"--oem 3 --psm 7 -c tessedit_char_whitelist=0123456789,.$()-",0.3768,success,
1099_nec_2026_000031_scan_mild_01,1099_nec_2026_000031,1099_nec,validation,mild,state_payer_number,identifier,AS-1910586,AS19105,AS1910586,AS19105,False,87.5,24.0,thresholded,--oem 3 --psm 7 -c tessedit_char_whitelist=ABCDEFGHIJKLMNOPQRSTUVWXYZ0123456789-,0.3768,success,
1099_nec_2026_000031_scan_mild_01,1099_nec_2026_000031,1099_nec,validation,mild,state_income,money,"135,839.19","$135,839.19",135839.19,135839.19,True,100.0,2.0,thresholded,"--oem 3 --psm 7 -c tessedit_char_whitelist=0123456789,.$()-",0.3768,success,
1099_nec_2026_000113_scan_mild_01,1099_nec_2026_000113,1099_nec,validation,mild,payer_name,text,MORGAN AND SONS,MORGAN AND SONS,MORGAN AND SONS,MORGAN AND SONS,True,100.0,96.0,sharpened,--oem 3 --psm 6,0.1705,success,
1099_nec_2026_000113_scan_mild_01,1099_nec_2026_000113,1099_nec,validation,mild,payer_street,text,627 HEATHER LIGHTS APT. 492,627 HEATHER LIGHTS APT. 492,627 HEATHER LIGHTS APT 492,627 HEATHER LIGHTS APT 492,True,100.0,95.2,thresholded,--oem 3 --psm 7,0.1705,success,
1099_nec_2026_000113_scan_mild_01,1099_nec_2026_000113,1099_nec,validation,mild,payer_city,text,ANDREWSBOROUGH,ANDREWSBOROUGH 4,ANDREWSBOROUGH,ANDREWSBOROUGH 4,False,93.33,67.5,denoised,--oem 3 --psm 7,0.1705,success,
1099_nec_2026_000113_scan_mild_01,1099_nec_2026_000113,1099_nec,validation,mild,payer_state,state,FL,FF,FL,FF,False,50.0,59.0,thresholded,--oem 3 --psm 8 -c tessedit_char_whitelist=ABCDEFGHIJKLMNOPQRSTUVWXYZ,0.1705,success,
1099_nec_2026_000113_scan_mild_01,1099_nec_2026_000113,1099_nec,validation,mild,payer_zip,text,54409,400,54409,400,False,50.0,0.0,thresholded,--oem 3 --psm 8 -c tessedit_char_whitelist=0123456789-,0.1705,success,
1099_nec_2026_000113_scan_mild_01,1099_nec_2026_000113,1099_nec,validation,mild,payer_tin,identifier,00-6236326,00-6236326,006236326,006236326,True,100.0,92.0,thresholded,--oem 3 --psm 7 -c tessedit_char_whitelist=ABCDEFGHIJKLMNOPQRSTUVWXYZ0123456789-,0.1705,success,
1099_nec_2026_000113_scan_mild_01,1099_nec_2026_000113,1099_nec,validation,mild,recipient_tin,identifier,000-51-3598,000-51-3598,000513598,000513598,True,100.0,91.0,thresholded,--oem 3 --psm 7 -c tessedit_char_whitelist=ABCDEFGHIJKLMNOPQRSTUVWXYZ0123456789-,0.1705,success,
1099_nec_2026_000113_scan_mild_01,1099_nec_2026_000113,1099_nec,validation,mild,recipient_name,text,DAVID RODGERS,DAVID RODGERS,DAVID RODGERS,DAVID RODGERS,True,100.0,95.5,denoised,--oem 3 --psm 6,0.1705,success,
1099_nec_2026_000113_scan_mild_01,1099_nec_2026_000113,1099_nec,validation,mild,recipient_street,text,9980 KRISTIN CORNER APT. 005,9980 KRISTIN CORNER APT. 005,9980 KRISTIN CORNER APT 005,9980 KRISTIN CORNER APT 005,True,100.0,95.4,sharpened,--oem 3 --psm 6,0.1705,success,
1099_nec_2026_000113_scan_mild_01,1099_nec_2026_000113,1099_nec,validation,mild,recipient_city,text,WEST SARAHSTAD,WEST SARAHSTAD,WEST SARAHSTAD,WEST SARAHSTAD,True,100.0,93.0,thresholded,--oem 3 --psm 7,0.1705,success,
1099_nec_2026_000113_scan_mild_01,1099_nec_2026_000113,1099_nec,validation,mild,recipient_state,state,ID,JO,ID,JO,False,0.0,17.0,thresholded,--oem 3 --psm 10 -c tessedit_char_whitelist=ABCDEFGHIJKLMNOPQRSTUVWXYZ,0.1705,success,
1099_nec_2026_000113_scan_mild_01,1099_nec_2026_000113,1099_nec,validation,mild,recipient_zip,text,97964,7064,97964,7064,False,66.67,0.0,thresholded,--oem 3 --psm 8 -c tessedit_char_whitelist=0123456789-,0.1705,success,
1099_nec_2026_000113_scan_mild_01,1099_nec_2026_000113,1099_nec,validation,mild,nonemployee_compensation,money,"8,622.09","$ 8,622.09",8622.09,8622.09,True,100.0,56.5,sharpened,"--oem 3 --psm 7 -c tessedit_char_whitelist=0123456789,.$()-",0.1705,success,
1099_nec_2026_000113_scan_mild_01,1099_nec_2026_000113,1099_nec,validation,mild,federal_income_tax_withheld,text,951.00,. 951.00,951.00,0.95,False,40.0,71.5,thresholded,"--oem 3 --psm 7 -c tessedit_char_whitelist=0123456789,.$()-",0.1705,success,
1099_nec_2026_000113_scan_mild_01,1099_nec_2026_000113,1099_nec,validation,mild,account_number,identifier,NEC-2026-000113,NEC-2026-000113,NEC2026000113,NEC2026000113,True,100.0,9.0,thresholded,--oem 3 --psm 7 -c tessedit_char_whitelist=ABCDEFGHIJKLMNOPQRSTUVWXYZ0123456789-,0.1705,success,
1099_nec_2026_000113_scan_mild_01,1099_nec_2026_000113,1099_nec,validation,mild,state_tax_withheld,money,344.54,$8,344.54,8.00,False,20.0,24.0,sharpened,"--oem 3 --psm 8 -c tessedit_char_whitelist=0123456789,.$()-",0.1705,success,
1099_nec_2026_000113_scan_mild_01,1099_nec_2026_000113,1099_nec,validation,mild,state_payer_number,identifier,ID-9739692,W,ID9739692,W,False,0.0,0.0,sharpened,--oem 3 --psm 7 -c tessedit_char_whitelist=ABCDEFGHIJKLMNOPQRSTUVWXYZ0123456789-,0.1705,success,
1099_nec_2026_000113_scan_mild_01,1099_nec_2026_000113,1099_nec,validation,mild,state_income,money,"8,622.09","$8,622.09",8622.09,8622.09,True,100.0,31.0,thresholded,"--oem 3 --psm 8 -c tessedit_char_whitelist=0123456789,.$()-",0.1705,success,
1099_nec_2026_000036_scan_mild_01,1099_nec_2026_000036,1099_nec,validation,mild,payer_name,text,"CLEMENTS, MORENO AND SANDERS","CLEMENTS, MORENO AND SANDERS",CLEMENTS MORENO AND SANDERS,CLEMENTS MORENO AND SANDERS,True,100.0,96.0,sharpened,--oem 3 --psm 7,-0.5155,success,
1099_nec_2026_000036_scan_mild_01,1099_nec_2026_000036,1099_nec,validation,mild,payer_street,text,56253 JASON LANDING,56253 JASON LANDING,56253 JASON LANDING,56253 JASON LANDING,True,100.0,96.0,sharpened,--oem 3 --psm 6,-0.5155,success,
1099_nec_2026_000036_scan_mild_01,1099_nec_2026_000036,1099_nec,validation,mild,payer_city,text,DUSTINMOUTH,wity Vi wwvvit DUSTINMOUTH,DUSTINMOUTH,WITY VI WWVVIT DUSTINMOUTH,False,59.46,70.5,sharpened,--oem 3 --psm 6,-0.5155,success,
1099_nec_2026_000036_scan_mild_01,1099_nec_2026_000036,1099_nec,validation,mild,payer_state,state,DE,S,DE,S,False,0.0,0.0,sharpened,--oem 3 --psm 8 -c tessedit_char_whitelist=ABCDEFGHIJKLMNOPQRSTUVWXYZ,-0.5155,success,
1099_nec_2026_000036_scan_mild_01,1099_nec_2026_000036,1099_nec,validation,mild,payer_zip,text,01763,7,01763,7,False,33.33,0.0,thresholded,--oem 3 --psm 10 -c tessedit_char_whitelist=0123456789-,-0.5155,success,
1099_nec_2026_000036_scan_mild_01,1099_nec_2026_000036,1099_nec,validation,mild,payer_tin,identifier,00-3913368,00-3913368,003913368,003913368,True,100.0,93.0,thresholded,--oem 3 --psm 7 -c tessedit_char_whitelist=ABCDEFGHIJKLMNOPQRSTUVWXYZ0123456789-,-0.5155,success,
1099_nec_2026_000036_scan_mild_01,1099_nec_2026_000036,1099_nec,validation,mild,recipient_tin,identifier,000-26-2696,000-26-2696,000262696,000262696,True,100.0,92.0,thresholded,--oem 3 --psm 7 -c tessedit_char_whitelist=ABCDEFGHIJKLMNOPQRSTUVWXYZ0123456789-,-0.5155,success,
1099_nec_2026_000036_scan_mild_01,1099_nec_2026_000036,1099_nec,validation,mild,recipient_name,text,ADAM MURPHY,ADAM MURPHY,ADAM MURPHY,ADAM MURPHY,True,100.0,96.0,denoised,--oem 3 --psm 6,-0.5155,success,
1099_nec_2026_000036_scan_mild_01,1099_nec_2026_000036,1099_nec,validation,mild,recipient_street,text,538 PAUL RAPIDS APT. 831,538 PAUL RAPIDS APT. 831,538 PAUL RAPIDS APT 831,538 PAUL RAPIDS APT 831,True,100.0,96.0,denoised,--oem 3 --psm 6,-0.5155,success,
1099_nec_2026_000036_scan_mild_01,1099_nec_2026_000036,1099_nec,validation,mild,recipient_city,text,JENNIFERLAND,wisy wt twvvis | JENNIFERLAND,JENNIFERLAND,WISY WT TWVVIS JENNIFERLAND,False,61.54,76.2,sharpened,--oem 3 --psm 6,-0.5155,success,
1099_nec_2026_000036_scan_mild_01,1099_nec_2026_000036,1099_nec,validation,mild,recipient_state,state,OK,J,OK,J,False,0.0,39.0,thresholded,--oem 3 --psm 10 -c tessedit_char_whitelist=ABCDEFGHIJKLMNOPQRSTUVWXYZ,-0.5155,success,
1099_nec_2026_000036_scan_mild_01,1099_nec_2026_000036,1099_nec,validation,mild,recipient_zip,text,85208,8,85208,8,False,33.33,0.0,thresholded,--oem 3 --psm 8 -c tessedit_char_whitelist=0123456789-,-0.5155,success,
1099_nec_2026_000036_scan_mild_01,1099_nec_2026_000036,1099_nec,validation,mild,nonemployee_compensation,money,"84,022.53","$ 84,022.53",84022.53,84022.53,True,100.0,48.0,sharpened,"--oem 3 --psm 7 -c tessedit_char_whitelist=0123456789,.$()-",-0.5155,success,
1099_nec_2026_000036_scan_mild_01,1099_nec_2026_000036,1099_nec,validation,mild,federal_income_tax_withheld,text,0.00,. ) 0.00,0.00,0.00,True,100.0,40.0,thresholded,"--oem 3 --psm 7 -c tessedit_char_whitelist=0123456789,.$()-",-0.5155,success,
1099_nec_2026_000036_scan_mild_01,1099_nec_2026_000036,1099_nec,validation,mild,account_number,identifier,NEC-2026-000036,NEC-2026-00086,NEC2026000036,NEC202600086,False,88.0,0.0,sharpened,--oem 3 --psm 7 -c tessedit_char_whitelist=ABCDEFGHIJKLMNOPQRSTUVWXYZ0123456789-,-0.5155,success,
1099_nec_2026_000036_scan_mild_01,1099_nec_2026_000036,1099_nec,validation,mild,state_tax_withheld,money,0.00,$00,0.00,0.00,True,100.0,55.0,thresholded,"--oem 3 --psm 8 -c tessedit_char_whitelist=0123456789,.$()-",-0.5155,success,
1099_nec_2026_000036_scan_mild_01,1099_nec_2026_000036,1099_nec,validation,mild,state_payer_number,identifier,OK-6399642,OK8062,OK6399642,OK8062,False,53.33,0.0,sharpened,--oem 3 --psm 7 -c tessedit_char_whitelist=ABCDEFGHIJKLMNOPQRSTUVWXYZ0123456789-,-0.5155,success,
1099_nec_2026_000036_scan_mild_01,1099_nec_2026_000036,1099_nec,validation,mild,state_income,money,"84,022.53","$84,022.89",84022.53,84022.89,False,75.0,40.0,thresholded,"--oem 3 --psm 8 -c tessedit_char_whitelist=0123456789,.$()-",-0.5155,success,
w2_2026_000243_scan_mild_01,w2_2026_000243,w2,validation,mild,employee_ssn,identifier,000-63-9773,-9773 SSOCISUUIH,000639773,9773550151,False,42.11,0.0,sharpened,--oem 3 --psm 7 -c tessedit_char_whitelist=ABCDEFGHIJKLMNOPQRSTUVWXYZ0123456789-,0.4772,success,
w2_2026_000243_scan_mild_01,w2_2026_000243,w2,validation,mild,employer_ein,identifier,00-8966231,00-B5 INMEIN,008966231,008511,False,53.33,0.0,thresholded,--oem 3 --psm 7 -c tessedit_char_whitelist=ABCDEFGHIJKLMNOPQRSTUVWXYZ0123456789-,0.4772,success,
w2_2026_000243_scan_mild_01,w2_2026_000243,w2,validation,mild,employer_name_address,multiline,"HENDRICKS, WOLFE AND BOWEN
6815 KARINA PARKWAYS
ROBERTBURGH, KS 27681","c Employer's name, adaress, and Zir coae HENDRICKS, WOLFE AND BOWEN 6815 KARINA PARKWAYS ROBERTBURGH, KS 27681",HENDRICKS WOLFE AND BOWEN 6815 KARINA PARKWAYS ROBERTBURGH KS 27681,C EMPLOYER S NAME ADARESS AND ZIR COAE HENDRICKS WOLFE AND BOWEN 6815 KARINA PARKWAYS ROBERTBURGH KS 27681,False,77.46,85.71,denoised,--oem 3 --psm 6,0.4772,success,
w2_2026_000243_scan_mild_01,w2_2026_000243,w2,validation,mild,control_number,identifier,W2-2026-000243,W2-2026-000243,W22026000243,W22026000243,True,100.0,0.0,sharpened,--oem 3 --psm 7 -c tessedit_char_whitelist=ABCDEFGHIJKLMNOPQRSTUVWXYZ0123456789-,0.4772,success,
w2_2026_000243_scan_mild_01,w2_2026_000243,w2,validation,mild,employee_first_name,text,JOSHUA U.,JOSHUA U.,JOSHUA U,JOSHUA U,True,100.0,92.5,thresholded,--oem 3 --psm 7,0.4772,success,
w2_2026_000243_scan_mild_01,w2_2026_000243,w2,validation,mild,employee_last_name,text,MEDINA,MEDINA,MEDINA,MEDINA,True,100.0,96.0,sharpened,--oem 3 --psm 7,0.4772,success,
w2_2026_000243_scan_mild_01,w2_2026_000243,w2,validation,mild,employee_address,multiline,"0176 REESE WALKS
SOUTH BENJAMIN, KS 15532","0176 REESE WALKS SOUTH BENJAMIN, KS 15532 f Employee’s address and ZIP code",0176 REESE WALKS SOUTH BENJAMIN KS 15532,0176 REESE WALKS SOUTH BENJAMIN KS 15532 F EMPLOYEE S ADDRESS AND ZIP CODE,False,70.18,95.0,sharpened,--oem 3 --psm 6,0.4772,success,
w2_2026_000243_scan_mild_01,w2_2026_000243,w2,validation,mild,wages,money,"97,455.43",975543),97455.43,975543.00,False,70.59,44.0,thresholded,"--oem 3 --psm 8 -c tessedit_char_whitelist=0123456789,.$()-",0.4772,success,
w2_2026_000243_scan_mild_01,w2_2026_000243,w2,validation,mild,federal_tax_withheld,money,"22,932.52","2 22,982.52",22932.52,222982.52,False,82.35,0.0,sharpened,"--oem 3 --psm 7 -c tessedit_char_whitelist=0123456789,.$()-",0.4772,success,
w2_2026_000243_scan_mild_01,w2_2026_000243,w2,validation,mild,social_security_wages,money,"97,455.43","3 97,455.43",97455.43,397455.43,False,94.12,40.5,thresholded,"--oem 3 --psm 7 -c tessedit_char_whitelist=0123456789,.$()-",0.4772,success,
w2_2026_000243_scan_mild_01,w2_2026_000243,w2,validation,mild,social_security_tax_withheld,money,"6,042.24",6042.24,6042.24,6042.24,True,100.0,51.0,thresholded,"--oem 3 --psm 7 -c tessedit_char_whitelist=0123456789,.$()-",0.4772,success,
w2_2026_000243_scan_mild_01,w2_2026_000243,w2,validation,mild,medicare_wages,money,"97,455.43","97,455.43",97455.43,97455.43,True,100.0,75.0,sharpened,"--oem 3 --psm 7 -c tessedit_char_whitelist=0123456789,.$()-",0.4772,success,
w2_2026_000243_scan_mild_01,w2_2026_000243,w2,validation,mild,medicare_tax_withheld,money,"1,413.10","1,413.10",1413.10,1413.10,True,100.0,84.0,thresholded,"--oem 3 --psm 7 -c tessedit_char_whitelist=0123456789,.$()-",0.4772,success,
w2_2026_000243_scan_mild_01,w2_2026_000243,w2,validation,mild,state,state,KS,IK,KS,IK,False,50.0,0.0,sharpened,--oem 3 --psm 10 -c tessedit_char_whitelist=ABCDEFGHIJKLMNOPQRSTUVWXYZ,0.4772,success,
w2_2026_000243_scan_mild_01,w2_2026_000243,w2,validation,mild,employer_state_id,identifier,KS-7623718,K7719,KS7623718,K7719,False,57.14,0.0,thresholded,--oem 3 --psm 8 -c tessedit_char_whitelist=ABCDEFGHIJKLMNOPQRSTUVWXYZ0123456789-,0.4772,success,
w2_2026_000243_scan_mild_01,w2_2026_000243,w2,validation,mild,state_wages,money,"97,455.43","97,485.43.",97455.43,97485.43,False,87.5,48.0,thresholded,"--oem 3 --psm 7 -c tessedit_char_whitelist=0123456789,.$()-",0.4772,success,
w2_2026_000243_scan_mild_01,w2_2026_000243,w2,validation,mild,state_income_tax,money,"3,735.68","3,735.68)",3735.68,3735.68,True,100.0,19.0,thresholded,"--oem 3 --psm 8 -c tessedit_char_whitelist=0123456789,.$()-",0.4772,success,
w2_2026_000065_scan_mild_01,w2_2026_000065,w2,validation,mild,employee_ssn,identifier,000-53-9318,0-S-18 SSUUVTSCUUIILYNUTIVUE,000539318,05185551111,False,40.0,0.0,sharpened,--oem 3 --psm 7 -c tessedit_char_whitelist=ABCDEFGHIJKLMNOPQRSTUVWXYZ0123456789-,0.2281,success,
w2_2026_000065_scan_mild_01,w2_2026_000065,w2,validation,mild,employer_ein,identifier,00-5482413,SRISDET NUCAONNUMPEFTCIIN,005482413,5150011,False,37.5,0.0,sharpened,--oem 3 --psm 7 -c tessedit_char_whitelist=ABCDEFGHIJKLMNOPQRSTUVWXYZ0123456789-,0.2281,success,
w2_2026_000065_scan_mild_01,w2_2026_000065,w2,validation,mild,employer_name_address,multiline,"LOPEZ PLC
3540 SHARON STREETS
LAKE YVONNEFORT, PW 32298","© employers name, agaress, ana cir coue LOPEZ PLC 3540 SHARON STREETS LAKE YVONNEFORT, PW 32298",LOPEZ PLC 3540 SHARON STREETS LAKE YVONNEFORT PW 32298,EMPLOYERS NAME AGARESS ANA CIR COUE LOPEZ PLC 3540 SHARON STREETS LAKE YVONNEFORT PW 32298,False,75.0,83.56,sharpened,--oem 3 --psm 6,0.2281,success,
w2_2026_000065_scan_mild_01,w2_2026_000065,w2,validation,mild,control_number,identifier,W2-2026-000065,W2-2026-000065,W22026000065,W22026000065,True,100.0,0.0,sharpened,--oem 3 --psm 7 -c tessedit_char_whitelist=ABCDEFGHIJKLMNOPQRSTUVWXYZ0123456789-,0.2281,success,
w2_2026_000065_scan_mild_01,w2_2026_000065,w2,validation,mild,employee_first_name,text,NICHOLAS T.,NICHOLAS T.,NICHOLAS T,NICHOLAS T,True,100.0,92.5,denoised,--oem 3 --psm 7,0.2281,success,
w2_2026_000065_scan_mild_01,w2_2026_000065,w2,validation,mild,employee_last_name,text,MORRISON,MORRISON,MORRISON,MORRISON,True,100.0,96.0,sharpened,--oem 3 --psm 7,0.2281,success,
w2_2026_000065_scan_mild_01,w2_2026_000065,w2,validation,mild,employee_address,multiline,"3854 OWENS RUN
KYLESTAD, NY 65680","3854 OWENS RUN KYLESTAD, NY 65680 f Employee’s address and ZIP code",3854 OWENS RUN KYLESTAD NY 65680,3854 OWENS RUN KYLESTAD NY 65680 F EMPLOYEE S ADDRESS AND ZIP CODE,False,65.31,94.83,sharpened,--oem 3 --psm 6,0.2281,success,
w2_2026_000065_scan_mild_01,w2_2026_000065,w2,validation,mild,wages,money,"50,902.29","50,902.28",50902.29,50902.28,False,87.5,61.0,sharpened,"--oem 3 --psm 8 -c tessedit_char_whitelist=0123456789,.$()-",0.2281,success,
w2_2026_000065_scan_mild_01,w2_2026_000065,w2,validation,mild,federal_tax_withheld,money,"11,109.14",41.109. 1 4,11109.14,41.11,False,46.15,60.67,thresholded,"--oem 3 --psm 7 -c tessedit_char_whitelist=0123456789,.$()-",0.2281,success,
w2_2026_000065_scan_mild_01,w2_2026_000065,w2,validation,mild,social_security_wages,money,"50,902.29","50,902.29",50902.29,50902.29,True,100.0,94.0,thresholded,"--oem 3 --psm 7 -c tessedit_char_whitelist=0123456789,.$()-",0.2281,success,
w2_2026_000065_scan_mild_01,w2_2026_000065,w2,validation,mild,social_security_tax_withheld,money,"3,155.94",- 3155.94,3155.94,-3155.94,False,93.33,28.0,sharpened,"--oem 3 --psm 7 -c tessedit_char_whitelist=0123456789,.$()-",0.2281,success,
w2_2026_000065_scan_mild_01,w2_2026_000065,w2,validation,mild,medicare_wages,money,"50,902.29","80,902.29",50902.29,80902.29,False,87.5,52.0,thresholded,"--oem 3 --psm 8 -c tessedit_char_whitelist=0123456789,.$()-",0.2281,success,
w2_2026_000065_scan_mild_01,w2_2026_000065,w2,validation,mild,medicare_tax_withheld,money,738.08,738.08,738.08,738.08,True,100.0,82.0,sharpened,"--oem 3 --psm 7 -c tessedit_char_whitelist=0123456789,.$()-",0.2281,success,
w2_2026_000065_scan_mild_01,w2_2026_000065,w2,validation,mild,state,state,NY,IN,NY,IN,False,50.0,0.0,sharpened,--oem 3 --psm 10 -c tessedit_char_whitelist=ABCDEFGHIJKLMNOPQRSTUVWXYZ,0.2281,success,
w2_2026_000065_scan_mild_01,w2_2026_000065,w2,validation,mild,employer_state_id,identifier,NY-9214801,N,NY9214801,N,False,20.0,0.0,sharpened,--oem 3 --psm 7 -c tessedit_char_whitelist=ABCDEFGHIJKLMNOPQRSTUVWXYZ0123456789-,0.2281,success,
w2_2026_000065_scan_mild_01,w2_2026_000065,w2,validation,mild,state_wages,money,"50,902.29","50,902.29",50902.29,50902.29,True,100.0,51.0,thresholded,"--oem 3 --psm 8 -c tessedit_char_whitelist=0123456789,.$()-",0.2281,success,
w2_2026_000065_scan_mild_01,w2_2026_000065,w2,validation,mild,state_income_tax,money,914.01,14.01),914.01,14.01,False,90.91,22.0,thresholded,"--oem 3 --psm 7 -c tessedit_char_whitelist=0123456789,.$()-",0.2281,success,
w2_2026_000077_scan_mild_01,w2_2026_000077,w2,validation,mild,employee_ssn,identifier,000-81-6992,J1-82 SSUUIAISCUUINYHUT,000816992,182551151,False,22.22,0.0,sharpened,--oem 3 --psm 7 -c tessedit_char_whitelist=ABCDEFGHIJKLMNOPQRSTUVWXYZ0123456789-,0.4383,success,
w2_2026_000077_scan_mild_01,w2_2026_000077,w2,validation,mild,employer_ein,identifier,00-2515030,O0-2E1502 NCAINNUMEFEIN,002515030,002150211,False,66.67,0.0,thresholded,--oem 3 --psm 7 -c tessedit_char_whitelist=ABCDEFGHIJKLMNOPQRSTUVWXYZ0123456789-,0.4383,success,
w2_2026_000077_scan_mild_01,w2_2026_000077,w2,validation,mild,employer_name_address,multiline,"PRICE, CARLSON AND ANDREWS
78282 ROBERTS FERRY SUITE 790
STEPHANIEFORT, DC 26076","c Employer's name, acaress, and Zir code PRICE, CARLSON AND ANDREWS 78282 ROBERTS FERRY SUITE 790 STEPHANIEFORT, OC 26076",PRICE CARLSON AND ANDREWS 78282 ROBERTS FERRY SUITE 790 STEPHANIEFORT DC 26076,C EMPLOYER S NAME ACARESS AND ZIR CODE PRICE CARLSON AND ANDREWS 78282 ROBERTS FERRY SUITE 790 STEPHANIEFORT OC 26076,False,78.97,89.32,thresholded,--oem 3 --psm 6,0.4383,success,
w2_2026_000077_scan_mild_01,w2_2026_000077,w2,validation,mild,control_number,identifier,W2-2026-000077,W-2026-000077-,W22026000077,W2026000077,False,95.65,0.0,sharpened,--oem 3 --psm 7 -c tessedit_char_whitelist=ABCDEFGHIJKLMNOPQRSTUVWXYZ0123456789-,0.4383,success,
w2_2026_000077_scan_mild_01,w2_2026_000077,w2,validation,mild,employee_first_name,text,DARYL L.,DARYL L.,DARYL L,DARYL L,True,100.0,91.5,thresholded,--oem 3 --psm 6,0.4383,success,
w2_2026_000077_scan_mild_01,w2_2026_000077,w2,validation,mild,employee_last_name,text,STEELE,STEELE,STEELE,STEELE,True,100.0,96.0,sharpened,--oem 3 --psm 7,0.4383,success,
w2_2026_000077_scan_mild_01,w2_2026_000077,w2,validation,mild,employee_address,multiline,"876 PERRY VILLE SUITE 721
PORT KATHLEENPORT, AZ 36526","876 PERRY VILLE SUITE 721 PORT KATHLEENPORT, AZ 36526 f Employee’s address and ZIP code",876 PERRY VILLE SUITE 721 PORT KATHLEENPORT AZ 36526,876 PERRY VILLE SUITE 721 PORT KATHLEENPORT AZ 36526 F EMPLOYEE S ADDRESS AND ZIP CODE,False,75.36,94.73,denoised,--oem 3 --psm 11,0.4383,success,
w2_2026_000077_scan_mild_01,w2_2026_000077,w2,validation,mild,wages,money,"84,826.98","15,, 34826.98",84826.98,1534826.98,False,77.78,0.0,sharpened,"--oem 3 --psm 7 -c tessedit_char_whitelist=0123456789,.$()-",0.4383,success,
w2_2026_000077_scan_mild_01,w2_2026_000077,w2,validation,mild,federal_tax_withheld,money,"17,701.46",17701 46,17701.46,1770146.00,False,77.78,38.5,thresholded,"--oem 3 --psm 7 -c tessedit_char_whitelist=0123456789,.$()-",0.4383,success,
w2_2026_000077_scan_mild_01,w2_2026_000077,w2,validation,mild,social_security_wages,money,"84,826.98","9 84,826.98",84826.98,984826.98,False,94.12,30.0,thresholded,"--oem 3 --psm 7 -c tessedit_char_whitelist=0123456789,.$()-",0.4383,success,
w2_2026_000077_scan_mild_01,w2_2026_000077,w2,validation,mild,social_security_tax_withheld,money,"5,259.27",8259.27,5259.27,8259.27,False,85.71,54.0,sharpened,"--oem 3 --psm 8 -c tessedit_char_whitelist=0123456789,.$()-",0.4383,success,
w2_2026_000077_scan_mild_01,w2_2026_000077,w2,validation,mild,medicare_wages,money,"84,826.98","84,826.98",84826.98,84826.98,True,100.0,55.0,sharpened,"--oem 3 --psm 8 -c tessedit_char_whitelist=0123456789,.$()-",0.4383,success,
w2_2026_000077_scan_mild_01,w2_2026_000077,w2,validation,mild,medicare_tax_withheld,money,"1,229.99","1,229.99",1229.99,1229.99,True,100.0,94.0,thresholded,"--oem 3 --psm 7 -c tessedit_char_whitelist=0123456789,.$()-",0.4383,success,
w2_2026_000077_scan_mild_01,w2_2026_000077,w2,validation,mild,state,state,AZ,ZI,AZ,ZI,False,50.0,0.0,sharpened,--oem 3 --psm 8 -c tessedit_char_whitelist=ABCDEFGHIJKLMNOPQRSTUVWXYZ,0.4383,success,
w2_2026_000077_scan_mild_01,w2_2026_000077,w2,validation,mild,employer_state_id,identifier,AZ-8630043,Z,AZ8630043,Z,False,20.0,0.0,sharpened,--oem 3 --psm 7 -c tessedit_char_whitelist=ABCDEFGHIJKLMNOPQRSTUVWXYZ0123456789-,0.4383,success,
w2_2026_000077_scan_mild_01,w2_2026_000077,w2,validation,mild,state_wages,money,"84,826.98","84,826.98",84826.98,84826.98,True,100.0,60.0,sharpened,"--oem 3 --psm 7 -c tessedit_char_whitelist=0123456789,.$()-",0.4383,success,
w2_2026_000077_scan_mild_01,w2_2026_000077,w2,validation,mild,state_income_tax,money,"2,582.26","2,582.26)",2582.26,2582.26,True,100.0,13.0,sharpened,"--oem 3 --psm 8 -c tessedit_char_whitelist=0123456789,.$()-",0.4383,success,
