quality,document_type,field_name,field_kind,field_predictions,exact_match_rate,mean_similarity,median_similarity,mean_ocr_confidence,empty_prediction_rate,high_similarity_mismatch_rate,priority_score
clean,w2,employee_address,multiline,37,0.0,70.73,70.69,94.77,0.0,0.0,0.6378
clean,1099_nec,state_payer_number,identifier,44,0.0682,58.25,57.98,1.93,0.0,0.2045,0.6377
clean,1099_nec,recipient_zip,text,44,0.0,74.08,76.92,33.34,0.0,0.0455,0.6278
clean,1099_nec,recipient_state,state,44,0.25,47.58,50.0,40.42,0.0,0.0455,0.5698
clean,w2,control_number,identifier,37,0.0811,85.11,83.33,31.54,0.0,0.7568,0.5501
clean,w2,employee_ssn,identifier,37,0.0541,90.11,88.89,17.39,0.0,0.8919,0.5499
clean,w2,employer_state_id,identifier,37,0.1351,81.36,84.21,3.84,0.0,0.5676,0.5316
clean,1099_nec,payer_state,state,44,0.3409,58.33,50.0,37.25,0.0,0.0,0.4875
clean,w2,state_income_tax,money,37,0.2973,84.63,85.71,51.41,0.0,0.4595,0.4326
clean,w2,social_security_wages,money,37,0.2973,86.44,94.12,82.95,0.0,0.5405,0.4272
clean,w2,federal_tax_withheld,money,37,0.3514,83.65,87.5,64.42,0.0,0.2703,0.4058
clean,w2,social_security_tax_withheld,money,37,0.4054,86.52,85.71,58.97,0.0,0.3784,0.3675
clean,w2,wages,money,37,0.4054,91.36,88.89,50.3,0.0,0.4054,0.353
clean,w2,state_wages,money,37,0.4324,91.79,88.89,55.81,0.0,0.4324,0.3368
clean,1099_nec,payer_zip,text,44,0.6364,92.26,100.0,46.74,0.0,0.2273,0.2232
clean,1099_nec,state_tax_withheld,money,44,0.6364,92.86,100.0,54.7,0.0,0.2727,0.2214
clean,w2,medicare_wages,money,37,0.7027,93.56,100.0,75.76,0.0,0.1892,0.1828
clean,1099_nec,nonemployee_compensation,money,44,0.6818,98.14,100.0,59.16,0.0,0.3182,0.1806
clean,w2,state,state,37,0.7838,88.29,100.0,37.59,0.0541,0.0,0.1622
clean,w2,employer_ein,identifier,37,0.7297,96.1,100.0,3.68,0.0,0.1892,0.1604
clean,1099_nec,state_income,money,44,0.8182,97.6,100.0,38.5,0.0,0.1591,0.1072
clean,1099_nec,payer_city,text,44,0.8864,97.7,100.0,90.41,0.0,0.0682,0.0694
clean,w2,medicare_tax_withheld,money,37,0.8919,98.57,100.0,87.78,0.0,0.1081,0.0637
clean,w2,employer_name_address,multiline,37,0.9189,99.76,100.0,94.27,0.0,0.0811,0.0453
clean,1099_nec,recipient_city,text,44,0.9545,98.64,100.0,91.22,0.0,0.0227,0.0291
clean,1099_nec,federal_income_tax_withheld,text,44,0.9773,98.97,100.0,90.23,0.0,0.0,0.0156
clean,1099_nec,account_number,identifier,44,1.0,100.0,100.0,90.34,0.0,0.0,0.0
clean,1099_nec,payer_name,text,44,1.0,100.0,100.0,93.62,0.0,0.0,0.0
clean,1099_nec,payer_street,text,44,1.0,100.0,100.0,95.7,0.0,0.0,0.0
clean,1099_nec,payer_tin,identifier,44,1.0,100.0,100.0,91.52,0.0,0.0,0.0
clean,1099_nec,recipient_name,text,44,1.0,100.0,100.0,95.65,0.0,0.0,0.0
clean,1099_nec,recipient_street,text,44,1.0,100.0,100.0,95.66,0.0,0.0,0.0
clean,1099_nec,recipient_tin,identifier,44,1.0,100.0,100.0,91.36,0.0,0.0,0.0
clean,w2,employee_first_name,text,37,1.0,100.0,100.0,91.41,0.0,0.0,0.0
clean,w2,employee_last_name,text,37,1.0,100.0,100.0,95.73,0.0,0.0,0.0
hard,w2,employer_state_id,identifier,37,0.0,19.1,18.18,4.49,0.2162,0.027,0.8251
hard,1099_nec,recipient_state,state,44,0.0227,14.9,0.0,9.35,0.1136,0.0,0.8099
hard,1099_nec,payer_zip,text,44,0.0,30.29,26.78,20.01,0.2955,0.1364,0.8035
hard,w2,employer_ein,identifier,37,0.027,21.96,20.0,12.5,0.1351,0.027,0.7895
hard,1099_nec,recipient_zip,text,44,0.0,29.63,30.95,22.23,0.1818,0.0227,0.7884
hard,1099_nec,payer_state,state,44,0.0455,17.26,0.0,11.41,0.0909,0.0455,0.7868
hard,w2,control_number,identifier,37,0.027,21.1,0.0,10.07,0.027,0.0811,0.7759
hard,1099_nec,state_payer_number,identifier,44,0.0,31.22,21.76,5.46,0.1136,0.0682,0.7734
hard,w2,employee_ssn,identifier,37,0.0,38.44,36.36,9.42,0.1081,0.1351,0.7509
hard,1099_nec,account_number,identifier,44,0.1136,26.73,0.0,19.13,0.0227,0.0682,0.7107
hard,w2,state,state,37,0.1622,26.13,0.0,7.19,0.1081,0.0,0.6986
hard,w2,employee_address,multiline,37,0.0,62.38,67.69,77.79,0.0,0.027,0.6629
hard,1099_nec,recipient_city,text,44,0.0682,52.87,53.64,53.63,0.0,0.1136,0.6539
hard,w2,employer_name_address,multiline,37,0.0,74.08,76.24,74.94,0.0,0.1892,0.6278
hard,1099_nec,payer_city,text,44,0.0909,59.15,64.91,61.93,0.0,0.1136,0.6226
hard,w2,state_income_tax,money,37,0.1081,62.39,66.67,29.81,0.0,0.2162,0.6034
hard,1099_nec,state_tax_withheld,money,44,0.1818,56.96,56.68,22.22,0.0909,0.1136,0.5928
hard,w2,social_security_tax_withheld,money,37,0.1892,54.01,50.0,40.08,0.0,0.1081,0.5839
hard,w2,federal_tax_withheld,money,37,0.1351,65.99,70.59,31.23,0.027,0.2432,0.5818
hard,w2,state_wages,money,37,0.1622,67.05,77.78,27.22,0.0811,0.3243,0.5718
hard,w2,medicare_wages,money,37,0.2162,59.91,62.5,31.21,0.027,0.1081,0.5554
hard,1099_nec,payer_name,text,44,0.2273,58.54,55.32,59.79,0.0,0.1136,0.5494
hard,1099_nec,state_income,money,44,0.1818,69.61,68.34,11.97,0.0,0.2273,0.5412
hard,w2,wages,money,37,0.2432,62.82,63.16,35.26,0.027,0.1892,0.5318
hard,1099_nec,payer_tin,identifier,44,0.4091,52.82,80.16,35.1,0.2273,0.0909,0.5006
hard,1099_nec,recipient_name,text,44,0.3182,64.37,65.94,65.61,0.0227,0.0909,0.4853
hard,1099_nec,recipient_tin,identifier,44,0.3864,65.75,94.12,45.0,0.0682,0.2273,0.4505
hard,w2,medicare_tax_withheld,money,37,0.3514,70.26,87.5,45.54,0.027,0.2162,0.45
hard,1099_nec,recipient_street,text,44,0.3409,85.0,94.05,75.31,0.0,0.3636,0.4075
hard,w2,employee_first_name,text,37,0.4595,72.47,90.0,68.26,0.0,0.1081,0.3799
hard,1099_nec,federal_income_tax_withheld,text,44,0.4318,80.99,88.89,45.6,0.0227,0.25,0.3729
hard,1099_nec,payer_street,text,44,0.5,82.64,98.94,74.73,0.0,0.25,0.3271
hard,1099_nec,nonemployee_compensation,money,44,0.5909,71.53,100.0,55.58,0.0682,0.0682,0.3206
hard,w2,social_security_wages,money,37,0.5135,84.81,100.0,59.71,0.027,0.1892,0.3172
hard,w2,employee_last_name,text,37,0.6216,74.25,100.0,71.42,0.027,0.027,0.2894
mild,1099_nec,payer_state,state,44,0.0227,25.62,29.67,12.63,0.0,0.0,0.7607
mild,w2,employer_ein,identifier,37,0.027,31.54,23.53,11.63,0.027,0.0811,0.7446
mild,1099_nec,recipient_state,state,44,0.0455,28.67,30.95,20.5,0.0,0.0227,0.739
mild,w2,employer_state_id,identifier,37,0.0811,30.95,18.18,0.97,0.0811,0.0541,0.7247
mild,1099_nec,recipient_zip,text,44,0.0,57.8,60.77,21.88,0.0227,0.1591,0.68
mild,1099_nec,state_payer_number,identifier,44,0.0227,63.41,71.01,3.75,0.0,0.2727,0.6473
mild,w2,employee_ssn,identifier,37,0.0541,58.16,54.55,6.24,0.0,0.2432,0.6458
mild,1099_nec,payer_zip,text,44,0.0455,61.72,62.5,27.36,0.0227,0.1591,0.6432
mild,w2,employee_address,multiline,37,0.0,69.25,70.18,90.7,0.0,0.0,0.6422
mild,w2,employer_name_address,multiline,37,0.1622,80.5,76.19,78.95,0.0,0.0811,0.5193
mild,w2,wages,money,37,0.1892,78.39,87.5,29.07,0.0,0.4054,0.5108
mild,w2,federal_tax_withheld,money,37,0.2162,78.7,82.35,38.33,0.0,0.3243,0.495
mild,w2,state_income_tax,money,37,0.3243,75.94,83.33,27.03,0.027,0.2432,0.4479
mild,w2,social_security_wages,money,37,0.3514,92.2,94.12,75.8,0.0,0.5946,0.3801
mild,w2,state,state,37,0.5405,64.41,100.0,23.78,0.0811,0.0,0.3717
mild,w2,state_wages,money,37,0.4054,85.61,88.89,36.35,0.0,0.3514,0.3702
mild,w2,control_number,identifier,37,0.5135,79.26,100.0,7.16,0.027,0.2162,0.3338
mild,1099_nec,state_income,money,44,0.4773,85.95,94.04,28.09,0.0,0.2955,0.3296
mild,w2,social_security_tax_withheld,money,37,0.5405,88.42,100.0,56.64,0.0,0.2162,0.2875
mild,1099_nec,payer_city,text,44,0.5682,86.09,100.0,86.31,0.0,0.0909,0.2792
mild,w2,medicare_wages,money,37,0.5946,86.74,100.0,66.54,0.0,0.1081,0.2628
mild,1099_nec,state_tax_withheld,money,44,0.6136,84.52,100.0,43.73,0.0,0.1818,0.259
mild,1099_nec,recipient_city,text,44,0.6818,91.24,100.0,87.01,0.0,0.1136,0.2013
mild,1099_nec,account_number,identifier,44,0.7045,91.49,100.0,37.33,0.0,0.1818,0.1881
mild,w2,medicare_tax_withheld,money,37,0.7027,93.77,100.0,77.39,0.0,0.1351,0.1822
mild,1099_nec,federal_income_tax_withheld,text,44,0.7955,96.25,100.0,70.87,0.0,0.1364,0.1237
mild,1099_nec,recipient_name,text,44,0.8864,95.32,100.0,84.14,0.0,0.0227,0.0765
mild,1099_nec,recipient_tin,identifier,44,0.8864,99.33,100.0,87.16,0.0,0.1136,0.0645
mild,1099_nec,payer_street,text,44,0.9091,99.66,100.0,92.89,0.0,0.0909,0.051
mild,1099_nec,recipient_street,text,44,0.9091,99.71,100.0,93.24,0.0,0.0909,0.0509
mild,1099_nec,nonemployee_compensation,money,44,0.9318,95.88,100.0,75.73,0.0,0.0,0.0499
mild,1099_nec,payer_name,text,44,0.9545,98.66,100.0,88.89,0.0,0.0227,0.029
mild,1099_nec,payer_tin,identifier,44,0.9545,99.63,100.0,87.89,0.0,0.0455,0.0261
mild,w2,employee_first_name,text,37,1.0,100.0,100.0,90.42,0.0,0.0,0.0
mild,w2,employee_last_name,text,37,1.0,100.0,100.0,95.76,0.0,0.0,0.0
