risk_tier,target_accuracy,threshold,tier_fields,fields_auto_accepted,fields_reviewed,auto_accept_coverage,auto_accepted_exact_match_rate,incorrect_field_capture_rate,incorrect_fields_auto_accepted,minimum_accept_count_met,target_met
critical,0.97,0.05,474,391,83,0.8249,0.6752,0.3894,127,True,False
critical,0.97,0.06,474,387,87,0.8165,0.6796,0.4038,124,True,False
critical,0.97,0.07,474,384,90,0.8101,0.6823,0.4135,122,True,False
critical,0.97,0.08,474,379,95,0.7996,0.686,0.4279,119,True,False
critical,0.97,0.09,474,374,100,0.789,0.6925,0.4471,115,True,False
critical,0.97,0.1,474,371,103,0.7827,0.6954,0.4567,113,True,False
critical,0.97,0.11,474,367,107,0.7743,0.6975,0.4663,111,True,False
critical,0.97,0.12,474,366,108,0.7722,0.6967,0.4663,111,True,False
critical,0.97,0.13,474,365,109,0.77,0.6986,0.4712,110,True,False
critical,0.97,0.14,474,364,110,0.7679,0.7005,0.476,109,True,False
critical,0.97,0.15,474,361,113,0.7616,0.7036,0.4856,107,True,False
critical,0.97,0.16,474,358,116,0.7553,0.7039,0.4904,106,True,False
critical,0.97,0.17,474,355,119,0.7489,0.707,0.5,104,True,False
critical,0.97,0.18,474,352,122,0.7426,0.7131,0.5144,101,True,False
critical,0.97,0.19,474,350,124,0.7384,0.7143,0.5192,100,True,False
critical,0.97,0.2,474,349,125,0.7363,0.7163,0.524,99,True,False
critical,0.97,0.21,474,348,126,0.7342,0.7184,0.5288,98,True,False
critical,0.97,0.22,474,347,127,0.7321,0.7205,0.5337,97,True,False
critical,0.97,0.23,474,347,127,0.7321,0.7205,0.5337,97,True,False
critical,0.97,0.24,474,346,128,0.73,0.7225,0.5385,96,True,False
critical,0.97,0.25,474,345,129,0.7278,0.7217,0.5385,96,True,False
critical,0.97,0.26,474,343,131,0.7236,0.723,0.5433,95,True,False
critical,0.97,0.27,474,341,133,0.7194,0.7243,0.5481,94,True,False
critical,0.97,0.28,474,339,135,0.7152,0.7286,0.5577,92,True,False
critical,0.97,0.29,474,334,140,0.7046,0.7275,0.5625,91,True,False
critical,0.97,0.3,474,332,142,0.7004,0.7319,0.5721,89,True,False
critical,0.97,0.31,474,329,145,0.6941,0.7356,0.5817,87,True,False
critical,0.97,0.32,474,327,147,0.6899,0.737,0.5865,86,True,False
critical,0.97,0.33,474,323,151,0.6814,0.7399,0.5962,84,True,False
critical,0.97,0.34,474,317,157,0.6688,0.7476,0.6154,80,True,False
critical,0.97,0.35,474,315,159,0.6646,0.7524,0.625,78,True,False
critical,0.97,0.36,474,315,159,0.6646,0.7524,0.625,78,True,False
critical,0.97,0.37,474,312,162,0.6582,0.75,0.625,78,True,False
critical,0.97,0.38,474,310,164,0.654,0.7484,0.625,78,True,False
critical,0.97,0.39,474,308,166,0.6498,0.75,0.6298,77,True,False
critical,0.97,0.4,474,306,168,0.6456,0.7549,0.6394,75,True,False
critical,0.97,0.41,474,304,170,0.6414,0.7566,0.6442,74,True,False
critical,0.97,0.42,474,302,172,0.6371,0.7616,0.6538,72,True,False
critical,0.97,0.43,474,300,174,0.6329,0.7667,0.6635,70,True,False
critical,0.97,0.44,474,298,176,0.6287,0.7718,0.6731,68,True,False
critical,0.97,0.45,474,293,181,0.6181,0.7782,0.6875,65,True,False
critical,0.97,0.46,474,290,184,0.6118,0.7828,0.6971,63,True,False
critical,0.97,0.47,474,287,187,0.6055,0.784,0.7019,62,True,False
critical,0.97,0.48,474,280,194,0.5907,0.8,0.7308,56,True,False
critical,0.97,0.49,474,279,195,0.5886,0.8029,0.7356,55,True,False
critical,0.97,0.5,474,277,197,0.5844,0.8014,0.7356,55,True,False
critical,0.97,0.51,474,270,204,0.5696,0.8185,0.7644,49,True,False
critical,0.97,0.52,474,268,206,0.5654,0.8172,0.7644,49,True,False
critical,0.97,0.53,474,265,209,0.5591,0.8151,0.7644,49,True,False
critical,0.97,0.54,474,264,210,0.557,0.8182,0.7692,48,True,False
critical,0.97,0.55,474,260,214,0.5485,0.8269,0.7837,45,True,False
critical,0.97,0.56,474,260,214,0.5485,0.8269,0.7837,45,True,False
critical,0.97,0.57,474,259,215,0.5464,0.8301,0.7885,44,True,False
critical,0.97,0.58,474,259,215,0.5464,0.8301,0.7885,44,True,False
critical,0.97,0.59,474,255,219,0.538,0.8353,0.7981,42,True,False
critical,0.97,0.6,474,253,221,0.5338,0.8379,0.8029,41,True,False
critical,0.97,0.61,474,250,224,0.5274,0.84,0.8077,40,True,False
critical,0.97,0.62,474,249,225,0.5253,0.8434,0.8125,39,True,False
critical,0.97,0.63,474,247,227,0.5211,0.8421,0.8125,39,True,False
critical,0.97,0.64,474,245,229,0.5169,0.8408,0.8125,39,True,False
critical,0.97,0.65,474,243,231,0.5127,0.8436,0.8173,38,True,False
critical,0.97,0.66,474,240,234,0.5063,0.8458,0.8221,37,True,False
critical,0.97,0.67,474,238,236,0.5021,0.8487,0.8269,36,True,False
critical,0.97,0.68,474,231,243,0.4873,0.8485,0.8317,35,True,False
critical,0.97,0.69,474,228,246,0.481,0.8465,0.8317,35,True,False
critical,0.97,0.7,474,224,250,0.4726,0.8482,0.8365,34,True,False
critical,0.97,0.71,474,221,253,0.4662,0.8507,0.8413,33,True,False
critical,0.97,0.72,474,218,256,0.4599,0.8486,0.8413,33,True,False
critical,0.97,0.73,474,217,257,0.4578,0.8525,0.8462,32,True,False
critical,0.97,0.74,474,212,262,0.4473,0.8491,0.8462,32,True,False
critical,0.97,0.75,474,210,264,0.443,0.8476,0.8462,32,True,False
critical,0.97,0.76,474,208,266,0.4388,0.8462,0.8462,32,True,False
critical,0.97,0.77,474,204,270,0.4304,0.848,0.851,31,True,False
critical,0.97,0.78,474,200,274,0.4219,0.845,0.851,31,True,False
critical,0.97,0.79,474,191,283,0.403,0.8482,0.8606,29,True,False
critical,0.97,0.8,474,187,287,0.3945,0.861,0.875,26,True,False
critical,0.97,0.81,474,181,293,0.3819,0.8674,0.8846,24,True,False
critical,0.97,0.82,474,178,296,0.3755,0.8708,0.8894,23,True,False
critical,0.97,0.83,474,173,301,0.365,0.8786,0.899,21,True,False
critical,0.97,0.84,474,170,304,0.3586,0.8765,0.899,21,True,False
critical,0.97,0.85,474,167,307,0.3523,0.8802,0.9038,20,True,False
critical,0.97,0.86,474,161,313,0.3397,0.8944,0.9183,17,True,False
critical,0.97,0.87,474,158,316,0.3333,0.8987,0.9231,16,True,False
critical,0.97,0.88,474,154,320,0.3249,0.8961,0.9231,16,True,False
critical,0.97,0.89,474,149,325,0.3143,0.8926,0.9231,16,True,False
critical,0.97,0.9,474,142,332,0.2996,0.9296,0.9519,10,True,False
critical,0.97,0.91,474,135,339,0.2848,0.9481,0.9663,7,True,False
critical,0.97,0.92,474,131,343,0.2764,0.9466,0.9663,7,True,False
critical,0.97,0.93,474,131,343,0.2764,0.9466,0.9663,7,True,False
critical,0.97,0.94,474,122,352,0.2574,0.9508,0.9712,6,True,False
critical,0.97,0.95,474,115,359,0.2426,0.9478,0.9712,6,True,False
critical,0.97,0.96,474,93,381,0.1962,0.957,0.9808,4,True,False
critical,0.97,0.97,474,56,418,0.1181,0.9643,0.9904,2,True,False
critical,0.97,0.98,474,29,445,0.0612,0.9655,0.9952,1,True,False
critical,0.97,0.99,474,11,463,0.0232,1.0,1.0,0,False,False
structured,0.92,0.05,306,156,150,0.5098,0.5897,0.6967,64,True,False
structured,0.92,0.06,306,154,152,0.5033,0.5974,0.7062,62,True,False
structured,0.92,0.07,306,153,153,0.5,0.6013,0.7109,61,True,False
structured,0.92,0.08,306,149,157,0.4869,0.6107,0.7251,58,True,False
structured,0.92,0.09,306,148,158,0.4837,0.6149,0.7299,57,True,False
structured,0.92,0.1,306,145,161,0.4739,0.6138,0.7346,56,True,False
structured,0.92,0.11,306,144,162,0.4706,0.6181,0.7393,55,True,False
structured,0.92,0.12,306,142,164,0.4641,0.6197,0.7441,54,True,False
structured,0.92,0.13,306,138,168,0.451,0.6304,0.7583,51,True,False
structured,0.92,0.14,306,137,169,0.4477,0.6277,0.7583,51,True,False
structured,0.92,0.15,306,131,175,0.4281,0.6565,0.7867,45,True,False
structured,0.92,0.16,306,131,175,0.4281,0.6565,0.7867,45,True,False
structured,0.92,0.17,306,130,176,0.4248,0.6538,0.7867,45,True,False
structured,0.92,0.18,306,128,178,0.4183,0.6484,0.7867,45,True,False
structured,0.92,0.19,306,127,179,0.415,0.6457,0.7867,45,True,False
structured,0.92,0.2,306,125,181,0.4085,0.656,0.7962,43,True,False
structured,0.92,0.21,306,124,182,0.4052,0.6613,0.8009,42,True,False
structured,0.92,0.22,306,124,182,0.4052,0.6613,0.8009,42,True,False
structured,0.92,0.23,306,122,184,0.3987,0.6639,0.8057,41,True,False
structured,0.92,0.24,306,122,184,0.3987,0.6639,0.8057,41,True,False
structured,0.92,0.25,306,121,185,0.3954,0.6694,0.8104,40,True,False
structured,0.92,0.26,306,120,186,0.3922,0.6667,0.8104,40,True,False
structured,0.92,0.27,306,119,187,0.3889,0.6723,0.8152,39,True,False
structured,0.92,0.28,306,118,188,0.3856,0.6695,0.8152,39,True,False
structured,0.92,0.29,306,117,189,0.3824,0.6752,0.8199,38,True,False
structured,0.92,0.3,306,115,191,0.3758,0.6783,0.8246,37,True,False
structured,0.92,0.31,306,114,192,0.3725,0.6842,0.8294,36,True,False
structured,0.92,0.32,306,114,192,0.3725,0.6842,0.8294,36,True,False
structured,0.92,0.33,306,113,193,0.3693,0.6903,0.8341,35,True,False
structured,0.92,0.34,306,111,195,0.3627,0.7027,0.8436,33,True,False
structured,0.92,0.35,306,109,197,0.3562,0.7156,0.8531,31,True,False
structured,0.92,0.36,306,107,199,0.3497,0.729,0.8626,29,True,False
structured,0.92,0.37,306,107,199,0.3497,0.729,0.8626,29,True,False
structured,0.92,0.38,306,104,202,0.3399,0.75,0.8768,26,True,False
structured,0.92,0.39,306,104,202,0.3399,0.75,0.8768,26,True,False
structured,0.92,0.4,306,104,202,0.3399,0.75,0.8768,26,True,False
structured,0.92,0.41,306,104,202,0.3399,0.75,0.8768,26,True,False
structured,0.92,0.42,306,104,202,0.3399,0.75,0.8768,26,True,False
structured,0.92,0.43,306,102,204,0.3333,0.7647,0.8863,24,True,False
structured,0.92,0.44,306,102,204,0.3333,0.7647,0.8863,24,True,False
structured,0.92,0.45,306,101,205,0.3301,0.7624,0.8863,24,True,False
structured,0.92,0.46,306,100,206,0.3268,0.76,0.8863,24,True,False
structured,0.92,0.47,306,98,208,0.3203,0.7653,0.891,23,True,False
structured,0.92,0.48,306,96,210,0.3137,0.7812,0.9005,21,True,False
structured,0.92,0.49,306,95,211,0.3105,0.7789,0.9005,21,True,False
structured,0.92,0.5,306,95,211,0.3105,0.7789,0.9005,21,True,False
structured,0.92,0.51,306,94,212,0.3072,0.7872,0.9052,20,True,False
structured,0.92,0.52,306,93,213,0.3039,0.7849,0.9052,20,True,False
structured,0.92,0.53,306,93,213,0.3039,0.7849,0.9052,20,True,False
structured,0.92,0.54,306,93,213,0.3039,0.7849,0.9052,20,True,False
structured,0.92,0.55,306,92,214,0.3007,0.7935,0.91,19,True,False
structured,0.92,0.56,306,91,215,0.2974,0.8022,0.9147,18,True,False
structured,0.92,0.57,306,90,216,0.2941,0.8111,0.9194,17,True,False
structured,0.92,0.58,306,88,218,0.2876,0.8068,0.9194,17,True,False
structured,0.92,0.59,306,87,219,0.2843,0.8161,0.9242,16,True,False
structured,0.92,0.6,306,85,221,0.2778,0.8353,0.9336,14,True,False
structured,0.92,0.61,306,83,223,0.2712,0.8313,0.9336,14,True,False
structured,0.92,0.62,306,81,225,0.2647,0.8272,0.9336,14,True,False
structured,0.92,0.63,306,81,225,0.2647,0.8272,0.9336,14,True,False
structured,0.92,0.64,306,81,225,0.2647,0.8272,0.9336,14,True,False
structured,0.92,0.65,306,80,226,0.2614,0.825,0.9336,14,True,False
structured,0.92,0.66,306,77,229,0.2516,0.8312,0.9384,13,True,False
structured,0.92,0.67,306,77,229,0.2516,0.8312,0.9384,13,True,False
structured,0.92,0.68,306,74,232,0.2418,0.8514,0.9479,11,True,False
structured,0.92,0.69,306,73,233,0.2386,0.8493,0.9479,11,True,False
structured,0.92,0.7,306,71,235,0.232,0.8732,0.9573,9,True,False
structured,0.92,0.71,306,69,237,0.2255,0.8841,0.9621,8,True,False
structured,0.92,0.72,306,67,239,0.219,0.8955,0.9668,7,True,False
structured,0.92,0.73,306,65,241,0.2124,0.8923,0.9668,7,True,False
structured,0.92,0.74,306,64,242,0.2092,0.8906,0.9668,7,True,False
structured,0.92,0.75,306,61,245,0.1993,0.9016,0.9716,6,True,False
structured,0.92,0.76,306,60,246,0.1961,0.9,0.9716,6,True,False
structured,0.92,0.77,306,60,246,0.1961,0.9,0.9716,6,True,False
structured,0.92,0.78,306,58,248,0.1895,0.8966,0.9716,6,True,False
structured,0.92,0.79,306,57,249,0.1863,0.8947,0.9716,6,True,False
structured,0.92,0.8,306,55,251,0.1797,0.9273,0.981,4,True,True
structured,0.92,0.81,306,54,252,0.1765,0.9259,0.981,4,True,True
structured,0.92,0.82,306,54,252,0.1765,0.9259,0.981,4,True,True
structured,0.92,0.83,306,52,254,0.1699,0.9231,0.981,4,True,True
structured,0.92,0.84,306,52,254,0.1699,0.9231,0.981,4,True,True
structured,0.92,0.85,306,48,258,0.1569,0.9375,0.9858,3,True,True
structured,0.92,0.86,306,46,260,0.1503,0.9565,0.9905,2,True,True
structured,0.92,0.87,306,44,262,0.1438,0.9545,0.9905,2,True,True
structured,0.92,0.88,306,41,265,0.134,0.9756,0.9953,1,True,True
structured,0.92,0.89,306,38,268,0.1242,0.9737,0.9953,1,True,True
structured,0.92,0.9,306,35,271,0.1144,0.9714,0.9953,1,True,True
structured,0.92,0.91,306,34,272,0.1111,0.9706,0.9953,1,True,True
structured,0.92,0.92,306,31,275,0.1013,0.9677,0.9953,1,True,True
structured,0.92,0.93,306,28,278,0.0915,1.0,1.0,0,True,True
structured,0.92,0.94,306,28,278,0.0915,1.0,1.0,0,True,True
structured,0.92,0.95,306,28,278,0.0915,1.0,1.0,0,True,True
structured,0.92,0.96,306,24,282,0.0784,1.0,1.0,0,True,True
structured,0.92,0.97,306,14,292,0.0458,1.0,1.0,0,True,True
structured,0.92,0.98,306,11,295,0.0359,1.0,1.0,0,True,True
structured,0.92,0.99,306,7,299,0.0229,1.0,1.0,0,False,False
descriptive,0.85,0.05,330,290,40,0.8788,0.7069,0.3145,85,True,False
descriptive,0.85,0.06,330,287,43,0.8697,0.7143,0.3387,82,True,False
descriptive,0.85,0.07,330,285,45,0.8636,0.7193,0.3548,80,True,False
descriptive,0.85,0.08,330,280,50,0.8485,0.7321,0.3952,75,True,False
descriptive,0.85,0.09,330,278,52,0.8424,0.7374,0.4113,73,True,False
descriptive,0.85,0.1,330,275,55,0.8333,0.7455,0.4355,70,True,False
descriptive,0.85,0.11,330,274,56,0.8303,0.7445,0.4355,70,True,False
descriptive,0.85,0.12,330,272,58,0.8242,0.75,0.4516,68,True,False
descriptive,0.85,0.13,330,269,61,0.8152,0.7584,0.4758,65,True,False
descriptive,0.85,0.14,330,268,62,0.8121,0.7612,0.4839,64,True,False
descriptive,0.85,0.15,330,267,63,0.8091,0.764,0.4919,63,True,False
descriptive,0.85,0.16,330,264,66,0.8,0.7727,0.5161,60,True,False
descriptive,0.85,0.17,330,262,68,0.7939,0.7786,0.5323,58,True,False
descriptive,0.85,0.18,330,261,69,0.7909,0.7816,0.5403,57,True,False
descriptive,0.85,0.19,330,261,69,0.7909,0.7816,0.5403,57,True,False
descriptive,0.85,0.2,330,258,72,0.7818,0.7907,0.5645,54,True,False
descriptive,0.85,0.21,330,256,74,0.7758,0.7969,0.5806,52,True,False
descriptive,0.85,0.22,330,253,77,0.7667,0.8063,0.6048,49,True,False
descriptive,0.85,0.23,330,252,78,0.7636,0.8095,0.6129,48,True,False
descriptive,0.85,0.24,330,250,80,0.7576,0.816,0.629,46,True,False
descriptive,0.85,0.25,330,249,81,0.7545,0.8193,0.6371,45,True,False
descriptive,0.85,0.26,330,248,82,0.7515,0.8226,0.6452,44,True,False
descriptive,0.85,0.27,330,246,84,0.7455,0.8293,0.6613,42,True,False
descriptive,0.85,0.28,330,245,85,0.7424,0.8327,0.6694,41,True,False
descriptive,0.85,0.29,330,244,86,0.7394,0.8361,0.6774,40,True,False
descriptive,0.85,0.3,330,241,89,0.7303,0.8465,0.7016,37,True,False
descriptive,0.85,0.31,330,239,91,0.7242,0.8536,0.7177,35,True,True
descriptive,0.85,0.32,330,238,92,0.7212,0.8571,0.7258,34,True,True
descriptive,0.85,0.33,330,238,92,0.7212,0.8571,0.7258,34,True,True
descriptive,0.85,0.34,330,238,92,0.7212,0.8571,0.7258,34,True,True
descriptive,0.85,0.35,330,237,93,0.7182,0.8608,0.7339,33,True,True
descriptive,0.85,0.36,330,236,94,0.7152,0.8644,0.7419,32,True,True
descriptive,0.85,0.37,330,236,94,0.7152,0.8644,0.7419,32,True,True
descriptive,0.85,0.38,330,235,95,0.7121,0.8681,0.75,31,True,True
descriptive,0.85,0.39,330,234,96,0.7091,0.8718,0.7581,30,True,True
descriptive,0.85,0.4,330,233,97,0.7061,0.8712,0.7581,30,True,True
descriptive,0.85,0.41,330,233,97,0.7061,0.8712,0.7581,30,True,True
descriptive,0.85,0.42,330,232,98,0.703,0.875,0.7661,29,True,True
descriptive,0.85,0.43,330,232,98,0.703,0.875,0.7661,29,True,True
descriptive,0.85,0.44,330,232,98,0.703,0.875,0.7661,29,True,True
descriptive,0.85,0.45,330,232,98,0.703,0.875,0.7661,29,True,True
descriptive,0.85,0.46,330,230,100,0.697,0.8826,0.7823,27,True,True
descriptive,0.85,0.47,330,230,100,0.697,0.8826,0.7823,27,True,True
descriptive,0.85,0.48,330,229,101,0.6939,0.8865,0.7903,26,True,True
descriptive,0.85,0.49,330,228,102,0.6909,0.8904,0.7984,25,True,True
descriptive,0.85,0.5,330,228,102,0.6909,0.8904,0.7984,25,True,True
descriptive,0.85,0.51,330,227,103,0.6879,0.8943,0.8065,24,True,True
descriptive,0.85,0.52,330,227,103,0.6879,0.8943,0.8065,24,True,True
descriptive,0.85,0.53,330,225,105,0.6818,0.8978,0.8145,23,True,True
descriptive,0.85,0.54,330,225,105,0.6818,0.8978,0.8145,23,True,True
descriptive,0.85,0.55,330,222,108,0.6727,0.9054,0.8306,21,True,True
descriptive,0.85,0.56,330,222,108,0.6727,0.9054,0.8306,21,True,True
descriptive,0.85,0.57,330,222,108,0.6727,0.9054,0.8306,21,True,True
descriptive,0.85,0.58,330,222,108,0.6727,0.9054,0.8306,21,True,True
descriptive,0.85,0.59,330,220,110,0.6667,0.9045,0.8306,21,True,True
descriptive,0.85,0.6,330,220,110,0.6667,0.9045,0.8306,21,True,True
descriptive,0.85,0.61,330,218,112,0.6606,0.9037,0.8306,21,True,True
descriptive,0.85,0.62,330,213,117,0.6455,0.9202,0.8629,17,True,True
descriptive,0.85,0.63,330,211,119,0.6394,0.9242,0.871,16,True,True
descriptive,0.85,0.64,330,208,122,0.6303,0.9327,0.8871,14,True,True
descriptive,0.85,0.65,330,206,124,0.6242,0.9369,0.8952,13,True,True
descriptive,0.85,0.66,330,204,126,0.6182,0.9363,0.8952,13,True,True
descriptive,0.85,0.67,330,203,127,0.6152,0.936,0.8952,13,True,True
descriptive,0.85,0.68,330,203,127,0.6152,0.936,0.8952,13,True,True
descriptive,0.85,0.69,330,199,131,0.603,0.9447,0.9113,11,True,True
descriptive,0.85,0.7,330,198,132,0.6,0.9444,0.9113,11,True,True
descriptive,0.85,0.71,330,195,135,0.5909,0.9436,0.9113,11,True,True
descriptive,0.85,0.72,330,194,136,0.5879,0.9433,0.9113,11,True,True
descriptive,0.85,0.73,330,188,142,0.5697,0.9574,0.9355,8,True,True
descriptive,0.85,0.74,330,185,145,0.5606,0.9568,0.9355,8,True,True
descriptive,0.85,0.75,330,182,148,0.5515,0.9615,0.9435,7,True,True
descriptive,0.85,0.76,330,180,150,0.5455,0.9611,0.9435,7,True,True
descriptive,0.85,0.77,330,176,154,0.5333,0.9602,0.9435,7,True,True
descriptive,0.85,0.78,330,171,159,0.5182,0.9591,0.9435,7,True,True
descriptive,0.85,0.79,330,165,165,0.5,0.9697,0.9597,5,True,True
descriptive,0.85,0.8,330,163,167,0.4939,0.9693,0.9597,5,True,True
descriptive,0.85,0.81,330,156,174,0.4727,0.9679,0.9597,5,True,True
descriptive,0.85,0.82,330,151,179,0.4576,0.9669,0.9597,5,True,True
descriptive,0.85,0.83,330,147,183,0.4455,0.966,0.9597,5,True,True
descriptive,0.85,0.84,330,139,191,0.4212,0.9712,0.9677,4,True,True
descriptive,0.85,0.85,330,137,193,0.4152,0.9708,0.9677,4,True,True
descriptive,0.85,0.86,330,135,195,0.4091,0.9704,0.9677,4,True,True
descriptive,0.85,0.87,330,127,203,0.3848,0.9685,0.9677,4,True,True
descriptive,0.85,0.88,330,114,216,0.3455,0.9737,0.9758,3,True,True
descriptive,0.85,0.89,330,103,227,0.3121,0.9709,0.9758,3,True,True
descriptive,0.85,0.9,330,92,238,0.2788,0.9674,0.9758,3,True,True
descriptive,0.85,0.91,330,84,246,0.2545,0.9643,0.9758,3,True,True
descriptive,0.85,0.92,330,62,268,0.1879,0.9677,0.9839,2,True,True
descriptive,0.85,0.93,330,49,281,0.1485,0.9592,0.9839,2,True,True
descriptive,0.85,0.94,330,37,293,0.1121,0.973,0.9919,1,True,True
descriptive,0.85,0.95,330,32,298,0.097,1.0,1.0,0,True,True
descriptive,0.85,0.96,330,26,304,0.0788,1.0,1.0,0,True,True
descriptive,0.85,0.97,330,20,310,0.0606,1.0,1.0,0,True,True
descriptive,0.85,0.98,330,17,313,0.0515,1.0,1.0,0,True,True
descriptive,0.85,0.99,330,12,318,0.0364,1.0,1.0,0,True,True
