document_id,parent_document_id,document_type,split,quality,field_name,field_kind,expected_value,predicted_value,normalized_expected,normalized_prediction,exact_match,similarity,ocr_confidence,status,error
w2_2026_000014,w2_2026_000014,w2,validation,clean,employee_ssn,identifier,000-75-4899,00-75-4899 BT,000754899,00754899BT,False,84.21,10.5,success,
w2_2026_000014,w2_2026_000014,w2,validation,clean,employer_ein,identifier,00-5672073,005672073,005672073,005672073,True,100.0,0.0,success,
w2_2026_000014,w2_2026_000014,w2,validation,clean,employer_name_address,multiline,"SANCHEZ GROUP
6936 ROSS DRIVE
PORT MICHELLEVILLE, WI 56225","SANCHEZ GROUP 6936 ROSS DRIVE PORT MICHELLEVILLE, WI 56225",SANCHEZ GROUP 6936 ROSS DRIVE PORT MICHELLEVILLE WI 56225,SANCHEZ GROUP 6936 ROSS DRIVE PORT MICHELLEVILLE WI 56225,True,100.0,93.67,success,
w2_2026_000014,w2_2026_000014,w2,validation,clean,control_number,identifier,W2-2026-000014,W2-2026-000014,W22026000014,W22026000014,True,100.0,0.0,success,
w2_2026_000014,w2_2026_000014,w2,validation,clean,employee_first_name,text,JEFFREY G.,JEFFREY G.,JEFFREY G,JEFFREY G,True,100.0,91.0,success,
w2_2026_000014,w2_2026_000014,w2,validation,clean,employee_last_name,text,HERNANDEZ,HERNANDEZ,HERNANDEZ,HERNANDEZ,True,100.0,96.0,success,
w2_2026_000014,w2_2026_000014,w2,validation,clean,employee_address,multiline,"87083 STEPHEN UNIONS
CONTRERASSIDE, PA 42089","87083 STEPHEN UNIONS CONTRERASSIDE, PA 42089 f Employee’s address and ZIP code",87083 STEPHEN UNIONS CONTRERASSIDE PA 42089,87083 STEPHEN UNIONS CONTRERASSIDE PA 42089 F EMPLOYEE S ADDRESS AND ZIP CODE,False,71.67,94.75,success,
w2_2026_000014,w2_2026_000014,w2,validation,clean,wages,money,"37,877.37","837,877.37",37877.37,837877.37,False,94.12,49.0,success,
w2_2026_000014,w2_2026_000014,w2,validation,clean,federal_tax_withheld,money,"4,417.66","8,417.66",4417.66,8417.66,False,85.71,48.0,success,
w2_2026_000014,w2_2026_000014,w2,validation,clean,social_security_wages,money,"37,877.37","87,877.37",37877.37,87877.37,False,87.5,9.0,success,
w2_2026_000014,w2_2026_000014,w2,validation,clean,social_security_tax_withheld,money,"2,348.40",93.48.40,2348.40,93.48,False,50.0,20.0,success,
w2_2026_000014,w2_2026_000014,w2,validation,clean,medicare_wages,money,"37,877.37","837,977.37",37877.37,837977.37,False,82.35,13.0,success,
w2_2026_000014,w2_2026_000014,w2,validation,clean,medicare_tax_withheld,money,549.22,549.20,549.22,549.20,False,83.33,75.0,success,
w2_2026_000014,w2_2026_000014,w2,validation,clean,state,state,PA,PA,PA,PA,True,100.0,53.0,success,
w2_2026_000014,w2_2026_000014,w2,validation,clean,employer_state_id,identifier,PA-8930103,PA930108,PA8930103,PA930108,False,82.35,0.0,success,
w2_2026_000014,w2_2026_000014,w2,validation,clean,state_wages,money,"37,877.37","87,877.37",37877.37,87877.37,False,87.5,54.0,success,
w2_2026_000014,w2_2026_000014,w2,validation,clean,state_income_tax,money,"2,229.17",8229.17,2229.17,8229.17,False,85.71,50.0,success,
1099_nec_2026_000091,1099_nec_2026_000091,1099_nec,validation,clean,payer_name,text,"NORMAN, SCHMIDT AND LINDSEY","NORMAN, SCHMIDT AND LINDSEY",NORMAN SCHMIDT AND LINDSEY,NORMAN SCHMIDT AND LINDSEY,True,100.0,95.5,success,
1099_nec_2026_000091,1099_nec_2026_000091,1099_nec,validation,clean,payer_street,text,793 KATIE MEADOWS,793 KATIE MEADOWS,793 KATIE MEADOWS,793 KATIE MEADOWS,True,100.0,96.0,success,
1099_nec_2026_000091,1099_nec_2026_000091,1099_nec,validation,clean,payer_city,text,STEVENBERG,STEVENBERG,STEVENBERG,STEVENBERG,True,100.0,91.0,success,
1099_nec_2026_000091,1099_nec_2026_000091,1099_nec,validation,clean,payer_state,state,SD,SD E,SD,SDE,False,80.0,0.0,success,
1099_nec_2026_000091,1099_nec_2026_000091,1099_nec,validation,clean,payer_zip,text,43811,43814,43811,43814,False,80.0,64.0,success,
1099_nec_2026_000091,1099_nec_2026_000091,1099_nec,validation,clean,payer_tin,identifier,00-5609255,00-5609255,005609255,005609255,True,100.0,92.0,success,
1099_nec_2026_000091,1099_nec_2026_000091,1099_nec,validation,clean,recipient_tin,identifier,000-72-3996,000-72-3996,000723996,000723996,True,100.0,92.0,success,
1099_nec_2026_000091,1099_nec_2026_000091,1099_nec,validation,clean,recipient_name,text,MATTHEW MORGAN,MATTHEW MORGAN,MATTHEW MORGAN,MATTHEW MORGAN,True,100.0,96.0,success,
1099_nec_2026_000091,1099_nec_2026_000091,1099_nec,validation,clean,recipient_street,text,69409 SMITH FORK SUITE 624,69409 SMITH FORK SUITE 624,69409 SMITH FORK SUITE 624,69409 SMITH FORK SUITE 624,True,100.0,96.0,success,
1099_nec_2026_000091,1099_nec_2026_000091,1099_nec,validation,clean,recipient_city,text,NEW EMILY,NEW EMILY.,NEW EMILY,NEW EMILY,True,100.0,80.5,success,
1099_nec_2026_000091,1099_nec_2026_000091,1099_nec,validation,clean,recipient_state,state,MD,MD SB,MD,MDSB,False,66.67,11.5,success,
1099_nec_2026_000091,1099_nec_2026_000091,1099_nec,validation,clean,recipient_zip,text,70279,70279 So eR Re ee Oe,70279,70279 SO ER RE EE OE,False,40.0,39.17,success,
1099_nec_2026_000091,1099_nec_2026_000091,1099_nec,validation,clean,nonemployee_compensation,money,"65,276.44","$ 65,276.44",65276.44,65276.44,True,100.0,54.0,success,
1099_nec_2026_000091,1099_nec_2026_000091,1099_nec,validation,clean,federal_income_tax_withheld,text,0.00,: 0.00,0 00,0 00,True,100.0,48.0,success,
1099_nec_2026_000091,1099_nec_2026_000091,1099_nec,validation,clean,account_number,identifier,NEC-2026-000091,NEC-2026-000091,NEC2026000091,NEC2026000091,True,100.0,91.0,success,
1099_nec_2026_000091,1099_nec_2026_000091,1099_nec,validation,clean,state_tax_withheld,money,0.00,,0.00,,False,0.0,0.0,success,
1099_nec_2026_000091,1099_nec_2026_000091,1099_nec,validation,clean,state_payer_number,identifier,MD-5702093,MDSM02099,MD5702093,MDSM02099,False,66.67,0.0,success,
1099_nec_2026_000091,1099_nec_2026_000091,1099_nec,validation,clean,state_income,money,"65,276.44","$(85,276.44",65276.44,85276.44,False,87.5,0.0,success,
1099_nec_2026_000156,1099_nec_2026_000156,1099_nec,validation,clean,payer_name,text,BROWN AND SONS,BROWN AND SONS,BROWN AND SONS,BROWN AND SONS,True,100.0,95.33,success,
1099_nec_2026_000156,1099_nec_2026_000156,1099_nec,validation,clean,payer_street,text,84526 BARTLETT HEIGHTS SUITE 391,84526 BARTLETT HEIGHTS SUITE 391,84526 BARTLETT HEIGHTS SUITE 391,84526 BARTLETT HEIGHTS SUITE 391,True,100.0,95.6,success,
1099_nec_2026_000156,1099_nec_2026_000156,1099_nec,validation,clean,payer_city,text,SCOTTFORT,SCOTTFORT,SCOTTFORT,SCOTTFORT,True,100.0,92.0,success,
1099_nec_2026_000156,1099_nec_2026_000156,1099_nec,validation,clean,payer_state,state,AL,AL ST,AL,ALST,False,66.67,32.5,success,
1099_nec_2026_000156,1099_nec_2026_000156,1099_nec,validation,clean,payer_zip,text,15523,15523,15523,15523,True,100.0,64.0,success,
1099_nec_2026_000156,1099_nec_2026_000156,1099_nec,validation,clean,payer_tin,identifier,00-7443916,00-7443916,007443916,007443916,True,100.0,93.0,success,
1099_nec_2026_000156,1099_nec_2026_000156,1099_nec,validation,clean,recipient_tin,identifier,000-75-3619,000-75-3619,000753619,000753619,True,100.0,92.0,success,
1099_nec_2026_000156,1099_nec_2026_000156,1099_nec,validation,clean,recipient_name,text,COREY KING,COREY KING,COREY KING,COREY KING,True,100.0,95.5,success,
1099_nec_2026_000156,1099_nec_2026_000156,1099_nec,validation,clean,recipient_street,text,291 DAVID CANYON,291 DAVID CANYON,291 DAVID CANYON,291 DAVID CANYON,True,100.0,96.0,success,
1099_nec_2026_000156,1099_nec_2026_000156,1099_nec,validation,clean,recipient_city,text,EAST JULIE,EAST JULIE,EAST JULIE,EAST JULIE,True,100.0,95.0,success,
1099_nec_2026_000156,1099_nec_2026_000156,1099_nec,validation,clean,recipient_state,state,VA,VA R,VA,VAR,False,80.0,38.0,success,
1099_nec_2026_000156,1099_nec_2026_000156,1099_nec,validation,clean,recipient_zip,text,09964,09964 Sa eR YR Se ee Oe,09964,09964 SA ER YR SE EE OE,False,35.71,34.0,success,
1099_nec_2026_000156,1099_nec_2026_000156,1099_nec,validation,clean,nonemployee_compensation,money,"23,727.28",". 23,727.28",23727.28,0.24,False,33.33,47.0,success,
1099_nec_2026_000156,1099_nec_2026_000156,1099_nec,validation,clean,federal_income_tax_withheld,text,"2,513.53",": 2,513.53",2 513 53,2 513 53,True,100.0,48.0,success,
1099_nec_2026_000156,1099_nec_2026_000156,1099_nec,validation,clean,account_number,identifier,NEC-2026-000156,NEC-2026-000156,NEC2026000156,NEC2026000156,True,100.0,91.0,success,
1099_nec_2026_000156,1099_nec_2026_000156,1099_nec,validation,clean,state_tax_withheld,money,0.00,,0.00,,False,0.0,0.0,success,
1099_nec_2026_000156,1099_nec_2026_000156,1099_nec,validation,clean,state_payer_number,identifier,VA-3866974,MASBCOSTS,VA3866974,MASBCOSTS,False,11.11,0.0,success,
1099_nec_2026_000156,1099_nec_2026_000156,1099_nec,validation,clean,state_income,money,"23,727.28","$23,727.28",23727.28,23727.28,True,100.0,32.0,success,
1099_nec_2026_000080,1099_nec_2026_000080,1099_nec,validation,clean,payer_name,text,SPEARS-SMITH,SPEARS-SMITH,SPEARS SMITH,SPEARS SMITH,True,100.0,91.0,success,
1099_nec_2026_000080,1099_nec_2026_000080,1099_nec,validation,clean,payer_street,text,5727 CLARK SQUARE APT. 646,5727 CLARK SQUARE APT. 646,5727 CLARK SQUARE APT 646,5727 CLARK SQUARE APT 646,True,100.0,95.8,success,
1099_nec_2026_000080,1099_nec_2026_000080,1099_nec,validation,clean,payer_city,text,LAKE MELISSALAND,LAKE MELISSALAND,LAKE MELISSALAND,LAKE MELISSALAND,True,100.0,92.5,success,
1099_nec_2026_000080,1099_nec_2026_000080,1099_nec,validation,clean,payer_state,state,SC,SC,SC,SC,True,100.0,61.0,success,
1099_nec_2026_000080,1099_nec_2026_000080,1099_nec,validation,clean,payer_zip,text,64272,64272000¢=—C,64272,64272000 C,False,66.67,0.0,success,
1099_nec_2026_000080,1099_nec_2026_000080,1099_nec,validation,clean,payer_tin,identifier,00-3714471,00-3714471,003714471,003714471,True,100.0,91.0,success,
1099_nec_2026_000080,1099_nec_2026_000080,1099_nec,validation,clean,recipient_tin,identifier,000-22-4513,000-22-4513,000224513,000224513,True,100.0,92.0,success,
1099_nec_2026_000080,1099_nec_2026_000080,1099_nec,validation,clean,recipient_name,text,HALEY CLARK,HALEY CLARK,HALEY CLARK,HALEY CLARK,True,100.0,96.0,success,
1099_nec_2026_000080,1099_nec_2026_000080,1099_nec,validation,clean,recipient_street,text,4577 ERIC PRAIRIE APT. 959,4577 ERIC PRAIRIE APT. 959,4577 ERIC PRAIRIE APT 959,4577 ERIC PRAIRIE APT 959,True,100.0,96.0,success,
1099_nec_2026_000080,1099_nec_2026_000080,1099_nec,validation,clean,recipient_city,text,PERRYTOWN,PERRYTOWN,PERRYTOWN,PERRYTOWN,True,100.0,92.0,success,
1099_nec_2026_000080,1099_nec_2026_000080,1099_nec,validation,clean,recipient_state,state,WV,WV BR,WV,WVBR,False,66.67,28.0,success,
1099_nec_2026_000080,1099_nec_2026_000080,1099_nec,validation,clean,recipient_zip,text,37710,37710 So eR Re ee Oe,37710,37710 SO ER RE EE OE,False,40.0,39.33,success,
1099_nec_2026_000080,1099_nec_2026_000080,1099_nec,validation,clean,nonemployee_compensation,money,"146,445.01","5 146,445.01",146445.01,5146445.01,False,94.74,72.0,success,
1099_nec_2026_000080,1099_nec_2026_000080,1099_nec,validation,clean,federal_income_tax_withheld,text,0.00,: 0.00,0 00,0 00,True,100.0,48.0,success,
1099_nec_2026_000080,1099_nec_2026_000080,1099_nec,validation,clean,account_number,identifier,NEC-2026-000080,NEC-2026-000080,NEC2026000080,NEC2026000080,True,100.0,90.0,success,
1099_nec_2026_000080,1099_nec_2026_000080,1099_nec,validation,clean,state_tax_withheld,money,"2,018.93","$,018.93.",2018.93,18.93,False,83.33,0.0,success,
1099_nec_2026_000080,1099_nec_2026_000080,1099_nec,validation,clean,state_payer_number,identifier,WV-1873301,W70,WV1873301,W70,False,50.0,0.0,success,
1099_nec_2026_000080,1099_nec_2026_000080,1099_nec,validation,clean,state_income,money,"146,445.01","$146,445.01",146445.01,146445.01,True,100.0,0.0,success,
w2_2026_000092,w2_2026_000092,w2,validation,clean,employee_ssn,identifier,000-30-7062,00-30-7062 BT,000307062,00307062BT,False,84.21,3.5,success,
w2_2026_000092,w2_2026_000092,w2,validation,clean,employer_ein,identifier,00-6228407,00-6228407,006228407,006228407,True,100.0,0.0,success,
w2_2026_000092,w2_2026_000092,w2,validation,clean,employer_name_address,multiline,"FLORES AND SONS
0785 TERRI COURTS
LAKE JOHN, ND 97108","FLORES AND SONS 0785 TERRI COURTS LAKE JOHN, ND 97108",FLORES AND SONS 0785 TERRI COURTS LAKE JOHN ND 97108,FLORES AND SONS 0785 TERRI COURTS LAKE JOHN ND 97108,True,100.0,95.9,success,
w2_2026_000092,w2_2026_000092,w2,validation,clean,control_number,identifier,W2-2026-000092,W2-2026-000092-,W22026000092,W22026000092,True,100.0,0.0,success,
w2_2026_000092,w2_2026_000092,w2,validation,clean,employee_first_name,text,WAYNE M.,WAYNE M.,WAYNE M,WAYNE M,True,100.0,92.5,success,
w2_2026_000092,w2_2026_000092,w2,validation,clean,employee_last_name,text,NELSON,NELSON,NELSON,NELSON,True,100.0,96.0,success,
w2_2026_000092,w2_2026_000092,w2,validation,clean,employee_address,multiline,"96522 BRITTANY VALLEY
ROBINTOWN, VT 92324","96522 BRITTANY VALLEY ROBINTOWN, VT 92324 f Employee’s address and ZIP code",96522 BRITTANY VALLEY ROBINTOWN VT 92324,96522 BRITTANY VALLEY ROBINTOWN VT 92324 F EMPLOYEE S ADDRESS AND ZIP CODE,False,70.18,94.83,success,
w2_2026_000092,w2_2026_000092,w2,validation,clean,wages,money,"33,143.40",,33143.40,,False,0.0,0.0,success,
w2_2026_000092,w2_2026_000092,w2,validation,clean,federal_tax_withheld,money,"3,138.06","8,138.06",3138.06,8138.06,False,85.71,32.0,success,
w2_2026_000092,w2_2026_000092,w2,validation,clean,social_security_wages,money,"33,143.40","33,143.40",33143.40,33143.40,True,100.0,95.0,success,
w2_2026_000092,w2_2026_000092,w2,validation,clean,social_security_tax_withheld,money,"2,054.89",8054.89,2054.89,8054.89,False,85.71,26.0,success,
w2_2026_000092,w2_2026_000092,w2,validation,clean,medicare_wages,money,"33,143.40",83.443.40,33143.40,83.44,False,46.15,0.0,success,
w2_2026_000092,w2_2026_000092,w2,validation,clean,medicare_tax_withheld,money,480.58,480.58,480.58,480.58,True,100.0,96.0,success,
w2_2026_000092,w2_2026_000092,w2,validation,clean,state,state,VT,T,VT,T,False,66.67,0.0,success,
w2_2026_000092,w2_2026_000092,w2,validation,clean,employer_state_id,identifier,VT-2425342,225342,VT2425342,225342,False,80.0,0.0,success,
w2_2026_000092,w2_2026_000092,w2,validation,clean,state_wages,money,"33,143.40","88,148.40",33143.40,88148.40,False,62.5,43.0,success,
w2_2026_000092,w2_2026_000092,w2,validation,clean,state_income_tax,money,"1,142.83",1142.83,1142.83,1142.83,True,100.0,23.0,success,
w2_2026_000136,w2_2026_000136,w2,validation,clean,employee_ssn,identifier,000-50-3662,00-50-3662 BT,000503662,00503662BT,False,84.21,23.5,success,
w2_2026_000136,w2_2026_000136,w2,validation,clean,employer_ein,identifier,00-7592683,00-7592688,007592683,007592688,False,88.89,0.0,success,
w2_2026_000136,w2_2026_000136,w2,validation,clean,employer_name_address,multiline,"DUNCAN, SWEENEY AND JONES
3554 JACOBS LOCKS
PAMSTAD, WA 77429","DUNCAN, SWEENEY AND JONES 3554 JACOBS LOCKS PAMSTAD, WA 77429",DUNCAN SWEENEY AND JONES 3554 JACOBS LOCKS PAMSTAD WA 77429,DUNCAN SWEENEY AND JONES 3554 JACOBS LOCKS PAMSTAD WA 77429,True,100.0,95.3,success,
w2_2026_000136,w2_2026_000136,w2,validation,clean,control_number,identifier,W2-2026-000136,W2-2026-000136,W22026000136,W22026000136,True,100.0,0.0,success,
w2_2026_000136,w2_2026_000136,w2,validation,clean,employee_first_name,text,DANIELLE K.,DANIELLE K.,DANIELLE K,DANIELLE K,True,100.0,92.0,success,
w2_2026_000136,w2_2026_000136,w2,validation,clean,employee_last_name,text,FISHER,FISHER,FISHER,FISHER,True,100.0,96.0,success,
w2_2026_000136,w2_2026_000136,w2,validation,clean,employee_address,multiline,"2202 EBONY SUMMIT APT. 326
NORTH CALEBFORT, OH 07556","2202 EBONY SUMMIT APT. 326 NORTH CALEBFORT, OH 07556 f Employee’s address and ZIP code",2202 EBONY SUMMIT APT 326 NORTH CALEBFORT OH 07556,2202 EBONY SUMMIT APT 326 NORTH CALEBFORT OH 07556 F EMPLOYEE S ADDRESS AND ZIP CODE,False,74.63,94.53,success,
w2_2026_000136,w2_2026_000136,w2,validation,clean,wages,money,"115,129.57","445,129.57",115129.57,445129.57,False,77.78,48.0,success,
w2_2026_000136,w2_2026_000136,w2,validation,clean,federal_tax_withheld,money,"17,628.43","47,628.43",17628.43,47628.43,False,87.5,30.0,success,
w2_2026_000136,w2_2026_000136,w2,validation,clean,social_security_wages,money,"115,129.57","415,129.57",115129.57,415129.57,False,88.89,30.0,success,
w2_2026_000136,w2_2026_000136,w2,validation,clean,social_security_tax_withheld,money,"7,138.03",7438.03,7138.03,7438.03,False,85.71,37.0,success,
w2_2026_000136,w2_2026_000136,w2,validation,clean,medicare_wages,money,"115,129.57",44549.57,115129.57,44549.57,False,58.82,0.0,success,
w2_2026_000136,w2_2026_000136,w2,validation,clean,medicare_tax_withheld,money,"1,669.38","1,669.38",1669.38,1669.38,True,100.0,95.0,success,
w2_2026_000136,w2_2026_000136,w2,validation,clean,state,state,OH,OH,OH,OH,True,100.0,57.0,success,
w2_2026_000136,w2_2026_000136,w2,validation,clean,employer_state_id,identifier,OH-6643410,OH66434100,OH6643410,OH66434100,False,94.74,0.0,success,
w2_2026_000136,w2_2026_000136,w2,validation,clean,state_wages,money,"115,129.57","115,129.57",115129.57,115129.57,True,100.0,54.0,success,
w2_2026_000136,w2_2026_000136,w2,validation,clean,state_income_tax,money,"4,536.90","4,836.90",4536.90,4836.90,False,85.71,46.0,success,
1099_nec_2026_000113_scan_hard_02,1099_nec_2026_000113,1099_nec,validation,hard,payer_name,text,MORGAN AND SONS,tee,MORGAN AND SONS,TEE,False,0.0,26.0,success,
1099_nec_2026_000113_scan_hard_02,1099_nec_2026_000113,1099_nec,validation,hard,payer_street,text,627 HEATHER LIGHTS APT. 492,627 HEATHER LIGHTS APT. 492,627 HEATHER LIGHTS APT 492,627 HEATHER LIGHTS APT 492,True,100.0,91.4,success,
1099_nec_2026_000113_scan_hard_02,1099_nec_2026_000113,1099_nec,validation,hard,payer_city,text,ANDREWSBOROUGH,ANDREWSBOROUGH,ANDREWSBOROUGH,ANDREWSBOROUGH,True,100.0,90.0,success,
1099_nec_2026_000113_scan_hard_02,1099_nec_2026_000113,1099_nec,validation,hard,payer_state,state,FL,FL,FL,FL,True,100.0,77.0,success,
1099_nec_2026_000113_scan_hard_02,1099_nec_2026_000113,1099_nec,validation,hard,payer_zip,text,54409,5a —— Te eM VV,54409,5A TE EM VV,False,12.5,39.6,success,
1099_nec_2026_000113_scan_hard_02,1099_nec_2026_000113,1099_nec,validation,hard,payer_tin,identifier,00-6236326,A,006236326,A,False,0.0,9.0,success,
1099_nec_2026_000113_scan_hard_02,1099_nec_2026_000113,1099_nec,validation,hard,recipient_tin,identifier,000-51-3598,000-51-3598,000513598,000513598,True,100.0,90.0,success,
1099_nec_2026_000113_scan_hard_02,1099_nec_2026_000113,1099_nec,validation,hard,recipient_name,text,DAVID RODGERS,Mpeg ie ee ne,DAVID RODGERS,MPEG IE EE NE,False,23.08,21.75,success,
1099_nec_2026_000113_scan_hard_02,1099_nec_2026_000113,1099_nec,validation,hard,recipient_street,text,9980 KRISTIN CORNER APT. 005,9980 KRISTIN CORNER APT. 005,9980 KRISTIN CORNER APT 005,9980 KRISTIN CORNER APT 005,True,100.0,95.2,success,
1099_nec_2026_000113_scan_hard_02,1099_nec_2026_000113,1099_nec,validation,hard,recipient_city,text,WEST SARAHSTAD,,WEST SARAHSTAD,,False,0.0,0.0,success,
1099_nec_2026_000113_scan_hard_02,1099_nec_2026_000113,1099_nec,validation,hard,recipient_state,state,ID,ID P,ID,IDP,False,80.0,31.0,success,
1099_nec_2026_000113_scan_hard_02,1099_nec_2026_000113,1099_nec,validation,hard,recipient_zip,text,97964,9766,97964,9766,False,66.67,69.0,success,
1099_nec_2026_000113_scan_hard_02,1099_nec_2026_000113,1099_nec,validation,hard,nonemployee_compensation,money,"8,622.09","$ 8,622.09",8622.09,8622.09,True,100.0,91.5,success,
1099_nec_2026_000113_scan_hard_02,1099_nec_2026_000113,1099_nec,validation,hard,federal_income_tax_withheld,text,951.00,can nts 951.00,951 00,CAN NTS 951 00,False,60.0,37.67,success,
1099_nec_2026_000113_scan_hard_02,1099_nec_2026_000113,1099_nec,validation,hard,account_number,identifier,NEC-2026-000113,NEC-2026-000113 S,NEC2026000113,NEC2026000113S,False,96.3,29.5,success,
1099_nec_2026_000113_scan_hard_02,1099_nec_2026_000113,1099_nec,validation,hard,state_tax_withheld,money,344.54,0,344.54,0.00,False,20.0,0.0,success,
1099_nec_2026_000113_scan_hard_02,1099_nec_2026_000113,1099_nec,validation,hard,state_payer_number,identifier,ID-9739692,,ID9739692,,False,0.0,0.0,success,
1099_nec_2026_000113_scan_hard_02,1099_nec_2026_000113,1099_nec,validation,hard,state_income,money,"8,622.09","$-8,622.09",8622.09,-8622.09,False,93.33,0.0,success,
1099_nec_2026_000031_scan_hard_02,1099_nec_2026_000031,1099_nec,validation,hard,payer_name,text,JENKINS-BELL,TPG Get wo eee ew,JENKINS BELL,TPG GET WO EEE EW,False,20.69,11.8,success,
1099_nec_2026_000031_scan_hard_02,1099_nec_2026_000031,1099_nec,validation,hard,payer_street,text,512 PATTERSON FALL APT. 866,512 PATTERSON iiss oath 866,512 PATTERSON FALL APT 866,512 PATTERSON IISS OATH 866,False,79.25,64.2,success,
1099_nec_2026_000031_scan_hard_02,1099_nec_2026_000031,1099_nec,validation,hard,payer_city,text,MEGANCHESTER,WHY UT vere TER,MEGANCHESTER,WHY UT VERE TER,False,37.04,54.25,success,
1099_nec_2026_000031_scan_hard_02,1099_nec_2026_000031,1099_nec,validation,hard,payer_state,state,SC,SC Y,SC,SCY,False,80.0,0.0,success,
1099_nec_2026_000031_scan_hard_02,1099_nec_2026_000031,1099_nec,validation,hard,payer_zip,text,37626,WR,37626,WR,False,0.0,31.0,success,
1099_nec_2026_000031_scan_hard_02,1099_nec_2026_000031,1099_nec,validation,hard,payer_tin,identifier,00-4470388,,004470388,,False,0.0,0.0,success,
1099_nec_2026_000031_scan_hard_02,1099_nec_2026_000031,1099_nec,validation,hard,recipient_tin,identifier,000-93-8474,00-93-8474,000938474,00938474,False,94.12,65.0,success,
1099_nec_2026_000031_scan_hard_02,1099_nec_2026_000031,1099_nec,validation,hard,recipient_name,text,TERESA BULLOCK,— Se,TERESA BULLOCK,SE,False,12.5,24.0,success,
1099_nec_2026_000031_scan_hard_02,1099_nec_2026_000031,1099_nec,validation,hard,recipient_street,text,11096 TYLER TERRACE,11096 TYLER il depot,11096 TYLER TERRACE,11096 TYLER IL DEPOT,False,66.67,55.75,success,
1099_nec_2026_000031_scan_hard_02,1099_nec_2026_000031,1099_nec,validation,hard,recipient_city,text,LAKE SEANSHIRE,mene,LAKE SEANSHIRE,MENE,False,33.33,39.0,success,
1099_nec_2026_000031_scan_hard_02,1099_nec_2026_000031,1099_nec,validation,hard,recipient_state,state,AS,SS VP,AS,SSVP,False,33.33,5.0,success,
1099_nec_2026_000031_scan_hard_02,1099_nec_2026_000031,1099_nec,validation,hard,recipient_zip,text,04778,ne aan,04778,NE AAN,False,0.0,12.0,success,
1099_nec_2026_000031_scan_hard_02,1099_nec_2026_000031,1099_nec,validation,hard,nonemployee_compensation,money,"135,839.19","135,839.19",135839.19,135839.19,True,100.0,96.0,success,
1099_nec_2026_000031_scan_hard_02,1099_nec_2026_000031,1099_nec,validation,hard,federal_income_tax_withheld,text,0.00,S Wares Cer Tw ee ee eee 0.00,0 00,S WARES CER TW EE EE EEE 0 00,False,24.24,42.25,success,
1099_nec_2026_000031_scan_hard_02,1099_nec_2026_000031,1099_nec,validation,hard,account_number,identifier,NEC-2026-000031,PR L-- PS,NEC2026000031,PRLPS,False,0.0,0.67,success,
1099_nec_2026_000031_scan_hard_02,1099_nec_2026_000031,1099_nec,validation,hard,state_tax_withheld,money,0.00,,0.00,,False,0.0,0.0,success,
1099_nec_2026_000031_scan_hard_02,1099_nec_2026_000031,1099_nec,validation,hard,state_payer_number,identifier,AS-1910586,A9105,AS1910586,A9105,False,71.43,0.0,success,
1099_nec_2026_000031_scan_hard_02,1099_nec_2026_000031,1099_nec,validation,hard,state_income,money,"135,839.19","$135,839.19",135839.19,135839.19,True,100.0,0.0,success,
w2_2026_000243_scan_hard_02,w2_2026_000243,w2,validation,hard,employee_ssn,identifier,000-63-9773,00-63-8773 SS ER,000639773,00638773SSER,False,66.67,21.67,success,
w2_2026_000243_scan_hard_02,w2_2026_000243,w2,validation,hard,employer_ein,identifier,00-8966231,0 S FEV-D7,008966231,0SFEVD7,False,12.5,22.67,success,
w2_2026_000243_scan_hard_02,w2_2026_000243,w2,validation,hard,employer_name_address,multiline,"HENDRICKS, WOLFE AND BOWEN
6815 KARINA PARKWAYS
ROBERTBURGH, KS 27681","Se es eee { 6815 KARINA PARKWAYS | e s ROBERTBURGH, KS 27681 3 | Htote",HENDRICKS WOLFE AND BOWEN 6815 KARINA PARKWAYS ROBERTBURGH KS 27681,SE ES EEE 6815 KARINA PARKWAYS E S ROBERTBURGH KS 27681 3 HTOTE,False,72.31,50.25,success,
w2_2026_000243_scan_hard_02,w2_2026_000243,w2,validation,hard,control_number,identifier,W2-2026-000243,,W22026000243,,False,0.0,0.0,success,
w2_2026_000243_scan_hard_02,w2_2026_000243,w2,validation,hard,employee_first_name,text,JOSHUA U.,JOSHUA U. 3,JOSHUA U,JOSHUA U 3,False,88.89,80.67,success,
w2_2026_000243_scan_hard_02,w2_2026_000243,w2,validation,hard,employee_last_name,text,MEDINA,MEDINA,MEDINA,MEDINA,True,100.0,95.0,success,
w2_2026_000243_scan_hard_02,w2_2026_000243,w2,validation,hard,employee_address,multiline,"0176 REESE WALKS
SOUTH BENJAMIN, KS 15532",0176 REESE WALKS : SOUTH BENJAMIN. KS 15532 2 { Employee's address and ZiP code | stig eee ee ee,0176 REESE WALKS SOUTH BENJAMIN KS 15532,0176 REESE WALKS SOUTH BENJAMIN KS 15532 2 EMPLOYEE S ADDRESS AND ZIP CODE STIG EEE EE EE,False,62.02,63.55,success,
w2_2026_000243_scan_hard_02,w2_2026_000243,w2,validation,hard,wages,money,"97,455.43",,97455.43,,False,0.0,0.0,success,
w2_2026_000243_scan_hard_02,w2_2026_000243,w2,validation,hard,federal_tax_withheld,money,"22,932.52",6.,22932.52,6.00,False,16.67,0.0,success,
w2_2026_000243_scan_hard_02,w2_2026_000243,w2,validation,hard,social_security_wages,money,"97,455.43",,97455.43,,False,0.0,0.0,success,
w2_2026_000243_scan_hard_02,w2_2026_000243,w2,validation,hard,social_security_tax_withheld,money,"6,042.24",,6042.24,,False,0.0,0.0,success,
w2_2026_000243_scan_hard_02,w2_2026_000243,w2,validation,hard,medicare_wages,money,"97,455.43",,97455.43,,False,0.0,0.0,success,
w2_2026_000243_scan_hard_02,w2_2026_000243,w2,validation,hard,medicare_tax_withheld,money,"1,413.10",,1413.10,,False,0.0,0.0,success,
w2_2026_000243_scan_hard_02,w2_2026_000243,w2,validation,hard,state,state,KS,K,KS,K,False,66.67,0.0,success,
w2_2026_000243_scan_hard_02,w2_2026_000243,w2,validation,hard,employer_state_id,identifier,KS-7623718,776,KS7623718,776,False,33.33,0.0,success,
w2_2026_000243_scan_hard_02,w2_2026_000243,w2,validation,hard,state_wages,money,"97,455.43",8),97455.43,8.00,False,16.67,0.0,success,
w2_2026_000243_scan_hard_02,w2_2026_000243,w2,validation,hard,state_income_tax,money,"3,735.68",3735.68,3735.68,3735.68,True,100.0,49.0,success,
1099_nec_2026_000036_scan_hard_02,1099_nec_2026_000036,1099_nec,validation,hard,payer_name,text,"CLEMENTS, MORENO AND SANDERS",era eae Sr =,CLEMENTS MORENO AND SANDERS,ERA EAE SR,False,37.84,32.5,success,
1099_nec_2026_000036_scan_hard_02,1099_nec_2026_000036,1099_nec,validation,hard,payer_street,text,56253 JASON LANDING,Nels etal Aor aelhl) VEER,56253 JASON LANDING,NELS ETAL AOR AELHL VEER,False,23.26,2.6,success,
1099_nec_2026_000036_scan_hard_02,1099_nec_2026_000036,1099_nec,validation,hard,payer_city,text,DUSTINMOUTH,ey ee eee es,DUSTINMOUTH,EY EE EEE ES,False,8.7,34.0,success,
1099_nec_2026_000036_scan_hard_02,1099_nec_2026_000036,1099_nec,validation,hard,payer_state,state,DE,RS,DE,RS,False,0.0,10.0,success,
1099_nec_2026_000036_scan_hard_02,1099_nec_2026_000036,1099_nec,validation,hard,payer_zip,text,01763,017 EE hve SC : ee,01763,017 EE HVE SC EE,False,28.57,26.67,success,
1099_nec_2026_000036_scan_hard_02,1099_nec_2026_000036,1099_nec,validation,hard,payer_tin,identifier,00-3913368,,003913368,,False,0.0,0.0,success,
1099_nec_2026_000036_scan_hard_02,1099_nec_2026_000036,1099_nec,validation,hard,recipient_tin,identifier,000-26-2696,P 00-26-2696 4 4,000262696,P0026269644,False,80.0,21.25,success,
1099_nec_2026_000036_scan_hard_02,1099_nec_2026_000036,1099_nec,validation,hard,recipient_name,text,ADAM MURPHY,— SS r——ie_,ADAM MURPHY,SS R IE,False,22.22,5.0,success,
1099_nec_2026_000036_scan_hard_02,1099_nec_2026_000036,1099_nec,validation,hard,recipient_street,text,538 PAUL RAPIDS APT. 831,feta csc ee,538 PAUL RAPIDS APT 831,FETA CSC EE,False,23.53,25.67,success,
1099_nec_2026_000036_scan_hard_02,1099_nec_2026_000036,1099_nec,validation,hard,recipient_city,text,JENNIFERLAND,MR,JENNIFERLAND,MR,False,14.29,27.0,success,
1099_nec_2026_000036_scan_hard_02,1099_nec_2026_000036,1099_nec,validation,hard,recipient_state,state,OK,OK SP,OK,OKSP,False,66.67,36.0,success,
1099_nec_2026_000036_scan_hard_02,1099_nec_2026_000036,1099_nec,validation,hard,recipient_zip,text,85208,esa eae eee,85208,ESA EAE EEE,False,0.0,32.0,success,
1099_nec_2026_000036_scan_hard_02,1099_nec_2026_000036,1099_nec,validation,hard,nonemployee_compensation,money,"84,022.53",.,84022.53,.,False,22.22,0.0,success,
1099_nec_2026_000036_scan_hard_02,1099_nec_2026_000036,1099_nec,validation,hard,federal_income_tax_withheld,text,0.00,ae eS eee rr. : 0.00,0 00,AE ES EEE RR 0 00,False,38.1,39.17,success,
1099_nec_2026_000036_scan_hard_02,1099_nec_2026_000036,1099_nec,validation,hard,account_number,identifier,NEC-2026-000036,ESS,NEC2026000036,ESS,False,12.5,0.0,success,
1099_nec_2026_000036_scan_hard_02,1099_nec_2026_000036,1099_nec,validation,hard,state_tax_withheld,money,0.00,-----,0.00,-----,False,0.0,0.0,success,
1099_nec_2026_000036_scan_hard_02,1099_nec_2026_000036,1099_nec,validation,hard,state_payer_number,identifier,OK-6399642,OK-6300642 --S228,OK6399642,OK6300642S228,False,63.64,20.5,success,
1099_nec_2026_000036_scan_hard_02,1099_nec_2026_000036,1099_nec,validation,hard,state_income,money,"84,022.53",$8402258,84022.53,8402258.00,False,66.67,0.0,success,
w2_2026_000065_scan_hard_02,w2_2026_000065,w2,validation,hard,employee_ssn,identifier,000-53-9318,00-53-9318 5T,000539318,005393185T,False,84.21,6.5,success,
w2_2026_000065_scan_hard_02,w2_2026_000065,w2,validation,hard,employer_ein,identifier,00-5482413,00-5482413 RR,005482413,005482413RR,False,90.0,22.5,success,
w2_2026_000065_scan_hard_02,w2_2026_000065,w2,validation,hard,employer_name_address,multiline,"LOPEZ PLC
3540 SHARON STREETS
LAKE YVONNEFORT, PW 32298","w hwy Oe, ove, ee eae LOPEZ PLC 3540 SHARON STREETS LAKE YVONNEFORT, PW 32298",LOPEZ PLC 3540 SHARON STREETS LAKE YVONNEFORT PW 32298,W HWY OE OVE EE EAE LOPEZ PLC 3540 SHARON STREETS LAKE YVONNEFORT PW 32298,False,84.38,70.07,success,
w2_2026_000065_scan_hard_02,w2_2026_000065,w2,validation,hard,control_number,identifier,W2-2026-000065,W2-2026-0 PA,W22026000065,W220260PA,False,66.67,0.0,success,
w2_2026_000065_scan_hard_02,w2_2026_000065,w2,validation,hard,employee_first_name,text,NICHOLAS T.,NICHOLAS T.,NICHOLAS T,NICHOLAS T,True,100.0,92.5,success,
w2_2026_000065_scan_hard_02,w2_2026_000065,w2,validation,hard,employee_last_name,text,MORRISON,MORRISON,MORRISON,MORRISON,True,100.0,95.0,success,
w2_2026_000065_scan_hard_02,w2_2026_000065,w2,validation,hard,employee_address,multiline,"3854 OWENS RUN
KYLESTAD, NY 65680","3854 OWENS RUN KYLESTAD, NY 65680 f Employee's address and ZIP code Soe Tape 5) Sse, SOR aa aaa",3854 OWENS RUN KYLESTAD NY 65680,3854 OWENS RUN KYLESTAD NY 65680 F EMPLOYEE S ADDRESS AND ZIP CODE SOE TAPE 5 SSE SOR AA AAA,False,51.61,57.68,success,
w2_2026_000065_scan_hard_02,w2_2026_000065,w2,validation,hard,wages,money,"50,902.29","80,902.29",50902.29,80902.29,False,87.5,29.0,success,
w2_2026_000065_scan_hard_02,w2_2026_000065,w2,validation,hard,federal_tax_withheld,money,"11,109.14","- . 11,109.14",11109.14,-0.11,False,46.15,0.0,success,
w2_2026_000065_scan_hard_02,w2_2026_000065,w2,validation,hard,social_security_wages,money,"50,902.29",") 50,902.29",50902.29,50902.29,True,100.0,46.0,success,
w2_2026_000065_scan_hard_02,w2_2026_000065,w2,validation,hard,social_security_tax_withheld,money,"3,155.94","3,185.94",3155.94,3185.94,False,85.71,6.0,success,
w2_2026_000065_scan_hard_02,w2_2026_000065,w2,validation,hard,medicare_wages,money,"50,902.29","60,902.29",50902.29,60902.29,False,87.5,0.0,success,
w2_2026_000065_scan_hard_02,w2_2026_000065,w2,validation,hard,medicare_tax_withheld,money,738.08,738.08,738.08,738.08,True,100.0,96.0,success,
w2_2026_000065_scan_hard_02,w2_2026_000065,w2,validation,hard,state,state,NY,,NY,,False,0.0,0.0,success,
w2_2026_000065_scan_hard_02,w2_2026_000065,w2,validation,hard,employer_state_id,identifier,NY-9214801,,NY9214801,,False,0.0,0.0,success,
w2_2026_000065_scan_hard_02,w2_2026_000065,w2,validation,hard,state_wages,money,"50,902.29","50,902.29",50902.29,50902.29,True,100.0,0.0,success,
w2_2026_000065_scan_hard_02,w2_2026_000065,w2,validation,hard,state_income_tax,money,914.01,20(,914.01,20.00,False,36.36,0.0,success,
w2_2026_000077_scan_hard_02,w2_2026_000077,w2,validation,hard,employee_ssn,identifier,000-81-6992,21-6992 SO,000816992,216992SO,False,58.82,31.5,success,
w2_2026_000077_scan_hard_02,w2_2026_000077,w2,validation,hard,employer_ein,identifier,00-2515030,,002515030,,False,0.0,0.0,success,
w2_2026_000077_scan_hard_02,w2_2026_000077,w2,validation,hard,employer_name_address,multiline,"PRICE, CARLSON AND ANDREWS
78282 ROBERTS FERRY SUITE 790
STEPHANIEFORT, DC 26076","ba flirt bubs atieivs’ stusel SON AND ANOREV ra Ger uae toe STEPHANIEFORT, OC 26076",PRICE CARLSON AND ANDREWS 78282 ROBERTS FERRY SUITE 790 STEPHANIEFORT DC 26076,BA FLIRT BUBS ATIEIVS STUSEL SON AND ANOREV RA GER UAE TOE STEPHANIEFORT OC 26076,False,60.38,43.87,success,
w2_2026_000077_scan_hard_02,w2_2026_000077,w2,validation,hard,control_number,identifier,W2-2026-000077,W2-202 0077,W22026000077,W22020077,False,85.71,55.0,success,
w2_2026_000077_scan_hard_02,w2_2026_000077,w2,validation,hard,employee_first_name,text,DARYL L.,DARYL L.,DARYL L,DARYL L,True,100.0,77.5,success,
w2_2026_000077_scan_hard_02,w2_2026_000077,w2,validation,hard,employee_last_name,text,STEELE,STEELE,STEELE,STEELE,True,100.0,96.0,success,
w2_2026_000077_scan_hard_02,w2_2026_000077,w2,validation,hard,employee_address,multiline,"876 PERRY VILLE SUITE 721
PORT KATHLEENPORT, AZ 36526","676 PERRY VILLE SUITE 721 PORT KATHLEENPORT, AZ 36526 f Employee's address and ZIP code net",876 PERRY VILLE SUITE 721 PORT KATHLEENPORT AZ 36526,676 PERRY VILLE SUITE 721 PORT KATHLEENPORT AZ 36526 F EMPLOYEE S ADDRESS AND ZIP CODE NET,False,71.83,84.75,success,
w2_2026_000077_scan_hard_02,w2_2026_000077,w2,validation,hard,wages,money,"84,826.98",". 84,826.98",84826.98,0.85,False,33.33,4.5,success,
w2_2026_000077_scan_hard_02,w2_2026_000077,w2,validation,hard,federal_tax_withheld,money,"17,701.46",,17701.46,,False,0.0,0.0,success,
w2_2026_000077_scan_hard_02,w2_2026_000077,w2,validation,hard,social_security_wages,money,"84,826.98","84,826.98",84826.98,84826.98,True,100.0,35.0,success,
w2_2026_000077_scan_hard_02,w2_2026_000077,w2,validation,hard,social_security_tax_withheld,money,"5,259.27",27,5259.27,27.00,False,33.33,92.0,success,
w2_2026_000077_scan_hard_02,w2_2026_000077,w2,validation,hard,medicare_wages,money,"84,826.98",,84826.98,,False,0.0,0.0,success,
w2_2026_000077_scan_hard_02,w2_2026_000077,w2,validation,hard,medicare_tax_withheld,money,"1,229.99",,1229.99,,False,0.0,0.0,success,
w2_2026_000077_scan_hard_02,w2_2026_000077,w2,validation,hard,state,state,AZ,,AZ,,False,0.0,0.0,success,
w2_2026_000077_scan_hard_02,w2_2026_000077,w2,validation,hard,employer_state_id,identifier,AZ-8630043,AZ-620003 S288S82GD,AZ8630043,AZ620003S288S82GD,False,46.15,0.0,success,
w2_2026_000077_scan_hard_02,w2_2026_000077,w2,validation,hard,state_wages,money,"84,826.98",,84826.98,,False,0.0,0.0,success,
w2_2026_000077_scan_hard_02,w2_2026_000077,w2,validation,hard,state_income_tax,money,"2,582.26",,2582.26,,False,0.0,0.0,success,
1099_nec_2026_000031_scan_mild_01,1099_nec_2026_000031,1099_nec,validation,mild,payer_name,text,JENKINS-BELL,JENKINS-BELL,JENKINS BELL,JENKINS BELL,True,100.0,26.0,success,
1099_nec_2026_000031_scan_mild_01,1099_nec_2026_000031,1099_nec,validation,mild,payer_street,text,512 PATTERSON FALL APT. 866,512 PATTERSON FALL APT. 866,512 PATTERSON FALL APT 866,512 PATTERSON FALL APT 866,True,100.0,95.2,success,
1099_nec_2026_000031_scan_mild_01,1099_nec_2026_000031,1099_nec,validation,mild,payer_city,text,MEGANCHESTER,MEGANCHESTER :,MEGANCHESTER,MEGANCHESTER,True,100.0,70.5,success,
1099_nec_2026_000031_scan_mild_01,1099_nec_2026_000031,1099_nec,validation,mild,payer_state,state,SC,SC P VF,SC,SCPVF,False,57.14,23.33,success,
1099_nec_2026_000031_scan_mild_01,1099_nec_2026_000031,1099_nec,validation,mild,payer_zip,text,37626,37626 owe acd ~ balled | haan tel www,37626,37626 OWE ACD BALLED HAAN TEL WWW,False,26.32,41.78,success,
1099_nec_2026_000031_scan_mild_01,1099_nec_2026_000031,1099_nec,validation,mild,payer_tin,identifier,00-4470388,00-4470388,004470388,004470388,True,100.0,92.0,success,
1099_nec_2026_000031_scan_mild_01,1099_nec_2026_000031,1099_nec,validation,mild,recipient_tin,identifier,000-93-8474,000-93-8474,000938474,000938474,True,100.0,92.0,success,
1099_nec_2026_000031_scan_mild_01,1099_nec_2026_000031,1099_nec,validation,mild,recipient_name,text,TERESA BULLOCK,TERESA BULLOCK | :,TERESA BULLOCK,TERESA BULLOCK,True,100.0,79.75,success,
1099_nec_2026_000031_scan_mild_01,1099_nec_2026_000031,1099_nec,validation,mild,recipient_street,text,11096 TYLER TERRACE,11096 TYLER TERRACE,11096 TYLER TERRACE,11096 TYLER TERRACE,True,100.0,95.33,success,
1099_nec_2026_000031_scan_mild_01,1099_nec_2026_000031,1099_nec,validation,mild,recipient_city,text,LAKE SEANSHIRE,LAKE SEANSHIRE,LAKE SEANSHIRE,LAKE SEANSHIRE,True,100.0,93.0,success,
1099_nec_2026_000031_scan_mild_01,1099_nec_2026_000031,1099_nec,validation,mild,recipient_state,state,AS,AS LTHS,AS,ASLTHS,False,50.0,0.0,success,
1099_nec_2026_000031_scan_mild_01,1099_nec_2026_000031,1099_nec,validation,mild,recipient_zip,text,04778,ORIB eee,04778,ORIB EEE,False,0.0,14.0,success,
1099_nec_2026_000031_scan_mild_01,1099_nec_2026_000031,1099_nec,validation,mild,nonemployee_compensation,money,"135,839.19","$ 135,839.19",135839.19,135839.19,True,100.0,66.0,success,
1099_nec_2026_000031_scan_mild_01,1099_nec_2026_000031,1099_nec,validation,mild,federal_income_tax_withheld,text,0.00,SPS SNe Tae 0.00,0 00,SPS SNE TAE 0 00,False,40.0,31.0,success,
1099_nec_2026_000031_scan_mild_01,1099_nec_2026_000031,1099_nec,validation,mild,account_number,identifier,NEC-2026-000031,NEC-2026-000031,NEC2026000031,NEC2026000031,True,100.0,86.0,success,
1099_nec_2026_000031_scan_mild_01,1099_nec_2026_000031,1099_nec,validation,mild,state_tax_withheld,money,0.00,,0.00,,False,0.0,0.0,success,
1099_nec_2026_000031_scan_mild_01,1099_nec_2026_000031,1099_nec,validation,mild,state_payer_number,identifier,AS-1910586,,AS1910586,,False,0.0,0.0,success,
1099_nec_2026_000031_scan_mild_01,1099_nec_2026_000031,1099_nec,validation,mild,state_income,money,"135,839.19","$185,839.19.",135839.19,185839.19,False,88.89,0.0,success,
1099_nec_2026_000113_scan_mild_01,1099_nec_2026_000113,1099_nec,validation,mild,payer_name,text,MORGAN AND SONS,MORGAN AND SONS,MORGAN AND SONS,MORGAN AND SONS,True,100.0,95.67,success,
1099_nec_2026_000113_scan_mild_01,1099_nec_2026_000113,1099_nec,validation,mild,payer_street,text,627 HEATHER LIGHTS APT. 492,627 HEATHER LIGHTS APT. 492,627 HEATHER LIGHTS APT 492,627 HEATHER LIGHTS APT 492,True,100.0,96.0,success,
1099_nec_2026_000113_scan_mild_01,1099_nec_2026_000113,1099_nec,validation,mild,payer_city,text,ANDREWSBOROUGH,ANDREWSBOROUGH,ANDREWSBOROUGH,ANDREWSBOROUGH,True,100.0,91.0,success,
1099_nec_2026_000113_scan_mild_01,1099_nec_2026_000113,1099_nec,validation,mild,payer_state,state,FL,FL W,FL,FLW,False,80.0,28.5,success,
1099_nec_2026_000113_scan_mild_01,1099_nec_2026_000113,1099_nec,validation,mild,payer_zip,text,54409,"Gantt 09 o~, Senda - plied eee wewewea",54409,GANTT 09 O SENDA PLIED EEE WEWEWEA,False,10.26,39.38,success,
1099_nec_2026_000113_scan_mild_01,1099_nec_2026_000113,1099_nec,validation,mild,payer_tin,identifier,00-6236326,00-6236326,006236326,006236326,True,100.0,92.0,success,
1099_nec_2026_000113_scan_mild_01,1099_nec_2026_000113,1099_nec,validation,mild,recipient_tin,identifier,000-51-3598,000-51-3598,000513598,000513598,True,100.0,92.0,success,
1099_nec_2026_000113_scan_mild_01,1099_nec_2026_000113,1099_nec,validation,mild,recipient_name,text,DAVID RODGERS,DAVID RODGERS :,DAVID RODGERS,DAVID RODGERS,True,100.0,63.33,success,
1099_nec_2026_000113_scan_mild_01,1099_nec_2026_000113,1099_nec,validation,mild,recipient_street,text,9980 KRISTIN CORNER APT. 005,9980 KRISTIN CORNER APT. 005,9980 KRISTIN CORNER APT 005,9980 KRISTIN CORNER APT 005,True,100.0,91.2,success,
1099_nec_2026_000113_scan_mild_01,1099_nec_2026_000113,1099_nec,validation,mild,recipient_city,text,WEST SARAHSTAD,WEST SARAHSTAD,WEST SARAHSTAD,WEST SARAHSTAD,True,100.0,92.0,success,
1099_nec_2026_000113_scan_mild_01,1099_nec_2026_000113,1099_nec,validation,mild,recipient_state,state,ID,ID TL,ID,IDTL,False,66.67,38.0,success,
1099_nec_2026_000113_scan_mild_01,1099_nec_2026_000113,1099_nec,validation,mild,recipient_zip,text,97964,97964 Tare a a NEE re cathe eS,97964,97964 TARE A A NEE RE CATHE ES,False,28.57,29.12,success,
1099_nec_2026_000113_scan_mild_01,1099_nec_2026_000113,1099_nec,validation,mild,nonemployee_compensation,money,"8,622.09","$ 8,622.09",8622.09,8622.09,True,100.0,48.0,success,
1099_nec_2026_000113_scan_mild_01,1099_nec_2026_000113,1099_nec,validation,mild,federal_income_tax_withheld,text,951.00,: Bene thay aay eas 951.00,951 00,BENE THAY AAY EAS 951 00,False,40.0,28.5,success,
1099_nec_2026_000113_scan_mild_01,1099_nec_2026_000113,1099_nec,validation,mild,account_number,identifier,NEC-2026-000113,NEC-2026-000113,NEC2026000113,NEC2026000113,True,100.0,16.0,success,
1099_nec_2026_000113_scan_mild_01,1099_nec_2026_000113,1099_nec,validation,mild,state_tax_withheld,money,344.54,,344.54,,False,0.0,0.0,success,
1099_nec_2026_000113_scan_mild_01,1099_nec_2026_000113,1099_nec,validation,mild,state_payer_number,identifier,ID-9739692,72,ID9739692,72,False,36.36,0.0,success,
1099_nec_2026_000113_scan_mild_01,1099_nec_2026_000113,1099_nec,validation,mild,state_income,money,"8,622.09","$8,622.09",8622.09,8622.09,True,100.0,0.0,success,
1099_nec_2026_000036_scan_mild_01,1099_nec_2026_000036,1099_nec,validation,mild,payer_name,text,"CLEMENTS, MORENO AND SANDERS","CLEMENTS, MORENO AND SANDERS",CLEMENTS MORENO AND SANDERS,CLEMENTS MORENO AND SANDERS,True,100.0,96.0,success,
1099_nec_2026_000036_scan_mild_01,1099_nec_2026_000036,1099_nec,validation,mild,payer_street,text,56253 JASON LANDING,56253 JASON LANDING,56253 JASON LANDING,56253 JASON LANDING,True,100.0,96.0,success,
1099_nec_2026_000036_scan_mild_01,1099_nec_2026_000036,1099_nec,validation,mild,payer_city,text,DUSTINMOUTH,DUSTINMOUTH,DUSTINMOUTH,DUSTINMOUTH,True,100.0,91.0,success,
1099_nec_2026_000036_scan_mild_01,1099_nec_2026_000036,1099_nec,validation,mild,payer_state,state,DE,DE ESN,DE,DEESN,False,57.14,23.0,success,
1099_nec_2026_000036_scan_mild_01,1099_nec_2026_000036,1099_nec,validation,mild,payer_zip,text,01763,o1763 Ce OE A.,01763,O1763 CE OE A,False,44.44,22.5,success,
1099_nec_2026_000036_scan_mild_01,1099_nec_2026_000036,1099_nec,validation,mild,payer_tin,identifier,00-3913368,00-3913368,003913368,003913368,True,100.0,92.0,success,
1099_nec_2026_000036_scan_mild_01,1099_nec_2026_000036,1099_nec,validation,mild,recipient_tin,identifier,000-26-2696,000-26-2696,000262696,000262696,True,100.0,92.0,success,
1099_nec_2026_000036_scan_mild_01,1099_nec_2026_000036,1099_nec,validation,mild,recipient_name,text,ADAM MURPHY,ADAM MURPHY,ADAM MURPHY,ADAM MURPHY,True,100.0,96.0,success,
1099_nec_2026_000036_scan_mild_01,1099_nec_2026_000036,1099_nec,validation,mild,recipient_street,text,538 PAUL RAPIDS APT. 831,538 PAUL RAPIDS APT. 831,538 PAUL RAPIDS APT 831,538 PAUL RAPIDS APT 831,True,100.0,96.0,success,
1099_nec_2026_000036_scan_mild_01,1099_nec_2026_000036,1099_nec,validation,mild,recipient_city,text,JENNIFERLAND,JENNIFERLAND,JENNIFERLAND,JENNIFERLAND,True,100.0,92.0,success,
1099_nec_2026_000036_scan_mild_01,1099_nec_2026_000036,1099_nec,validation,mild,recipient_state,state,OK,OK M,OK,OKM,False,80.0,7.5,success,
1099_nec_2026_000036_scan_mild_01,1099_nec_2026_000036,1099_nec,validation,mild,recipient_zip,text,85208,85208 bn hind aie ~ Ds Re ee ee a,85208,85208 BN HIND AIE DS RE EE EE A,False,27.78,27.6,success,
1099_nec_2026_000036_scan_mild_01,1099_nec_2026_000036,1099_nec,validation,mild,nonemployee_compensation,money,"84,022.53","$ 84,022.53",84022.53,84022.53,True,100.0,88.0,success,
1099_nec_2026_000036_scan_mild_01,1099_nec_2026_000036,1099_nec,validation,mild,federal_income_tax_withheld,text,0.00,‘ ee eae 0.00,0 00,EE EAE 0 00,False,53.33,36.5,success,
1099_nec_2026_000036_scan_mild_01,1099_nec_2026_000036,1099_nec,validation,mild,account_number,identifier,NEC-2026-000036,NEC-2026-000036,NEC2026000036,NEC2026000036,True,100.0,31.0,success,
1099_nec_2026_000036_scan_mild_01,1099_nec_2026_000036,1099_nec,validation,mild,state_tax_withheld,money,0.00,,0.00,,False,0.0,0.0,success,
1099_nec_2026_000036_scan_mild_01,1099_nec_2026_000036,1099_nec,validation,mild,state_payer_number,identifier,OK-6399642,OK-699964200,OK6399642,OK699964200,False,80.0,0.0,success,
1099_nec_2026_000036_scan_mild_01,1099_nec_2026_000036,1099_nec,validation,mild,state_income,money,"84,022.53","$84,022.53",84022.53,84022.53,True,100.0,0.0,success,
w2_2026_000243_scan_mild_01,w2_2026_000243,w2,validation,mild,employee_ssn,identifier,000-63-9773,00-69-9778 CS,000639773,00699778CS,False,63.16,9.5,success,
w2_2026_000243_scan_mild_01,w2_2026_000243,w2,validation,mild,employer_ein,identifier,00-8966231,IUISPIIUCAUIUEEPIUEELREN,008966231,IUISPIIUCAUIUEEPIUEELREN,False,0.0,0.0,success,
w2_2026_000243_scan_mild_01,w2_2026_000243,w2,validation,mild,employer_name_address,multiline,"HENDRICKS, WOLFE AND BOWEN
6815 KARINA PARKWAYS
ROBERTBURGH, KS 27681","G&S EIVPIVvys! oo tliat, auMivey; ame HENDRICKS, WOLFE AND BOWEN 6815 KARINA PARKWAYS ROBERTBURGH, KS 27681",HENDRICKS WOLFE AND BOWEN 6815 KARINA PARKWAYS ROBERTBURGH KS 27681,G AND S EIVPIVVYS OO TLIAT AUMIVEY AME HENDRICKS WOLFE AND BOWEN 6815 KARINA PARKWAYS ROBERTBURGH KS 27681,False,77.46,62.69,success,
w2_2026_000243_scan_mild_01,w2_2026_000243,w2,validation,mild,control_number,identifier,W2-2026-000243,W2-2026-000243,W22026000243,W22026000243,True,100.0,7.0,success,
w2_2026_000243_scan_mild_01,w2_2026_000243,w2,validation,mild,employee_first_name,text,JOSHUA U.,JOSHUA U.,JOSHUA U,JOSHUA U,True,100.0,92.0,success,
w2_2026_000243_scan_mild_01,w2_2026_000243,w2,validation,mild,employee_last_name,text,MEDINA,MEDINA,MEDINA,MEDINA,True,100.0,95.0,success,
w2_2026_000243_scan_mild_01,w2_2026_000243,w2,validation,mild,employee_address,multiline,"0176 REESE WALKS
SOUTH BENJAMIN, KS 15532","0176 REESE WALKS SOUTH BENJAMIN, KS 15532 f Employee’s address and ZIP code",0176 REESE WALKS SOUTH BENJAMIN KS 15532,0176 REESE WALKS SOUTH BENJAMIN KS 15532 F EMPLOYEE S ADDRESS AND ZIP CODE,False,70.18,95.08,success,
w2_2026_000243_scan_mild_01,w2_2026_000243,w2,validation,mild,wages,money,"97,455.43",") 97,455.43",97455.43,97455.43,True,100.0,15.0,success,
w2_2026_000243_scan_mild_01,w2_2026_000243,w2,validation,mild,federal_tax_withheld,money,"22,932.52","- 4 22,932.52",22932.52,-422932.52,False,88.89,0.0,success,
w2_2026_000243_scan_mild_01,w2_2026_000243,w2,validation,mild,social_security_wages,money,"97,455.43","97,455.43",97455.43,97455.43,True,100.0,95.0,success,
w2_2026_000243_scan_mild_01,w2_2026_000243,w2,validation,mild,social_security_tax_withheld,money,"6,042.24","6,042.24",6042.24,6042.24,True,100.0,90.0,success,
w2_2026_000243_scan_mild_01,w2_2026_000243,w2,validation,mild,medicare_wages,money,"97,455.43",,97455.43,,False,0.0,0.0,success,
w2_2026_000243_scan_mild_01,w2_2026_000243,w2,validation,mild,medicare_tax_withheld,money,"1,413.10","1,413.10",1413.10,1413.10,True,100.0,95.0,success,
w2_2026_000243_scan_mild_01,w2_2026_000243,w2,validation,mild,state,state,KS,K,KS,K,False,66.67,0.0,success,
w2_2026_000243_scan_mild_01,w2_2026_000243,w2,validation,mild,employer_state_id,identifier,KS-7623718,WEE,KS7623718,WEE,False,0.0,13.0,success,
w2_2026_000243_scan_mild_01,w2_2026_000243,w2,validation,mild,state_wages,money,"97,455.43",,97455.43,,False,0.0,0.0,success,
w2_2026_000243_scan_mild_01,w2_2026_000243,w2,validation,mild,state_income_tax,money,"3,735.68","8,735.68",3735.68,8735.68,False,85.71,31.0,success,
w2_2026_000065_scan_mild_01,w2_2026_000065,w2,validation,mild,employee_ssn,identifier,000-53-9318,000-563-9318 NF,000539318,0005639318NF,False,85.71,12.0,success,
w2_2026_000065_scan_mild_01,w2_2026_000065,w2,validation,mild,employer_ein,identifier,00-5482413,00-5482413 PNANEPREUENSGARINEEFUNSETERTE,005482413,005482413PNANEPREUENSGARINEEFUNSETERTE,False,38.3,0.0,success,
w2_2026_000065_scan_mild_01,w2_2026_000065,w2,validation,mild,employer_name_address,multiline,"LOPEZ PLC
3540 SHARON STREETS
LAKE YVONNEFORT, PW 32298","Ww Get I sew Ww TRAE Eg SO ae gS ee wwaww LOPEZ PLC 3540 SHARON STREETS LAKE YVONNEFORT, PW 32298",LOPEZ PLC 3540 SHARON STREETS LAKE YVONNEFORT PW 32298,WW GET I SEW WW TRAE EG SO AE GS EE WWAWW LOPEZ PLC 3540 SHARON STREETS LAKE YVONNEFORT PW 32298,False,72.0,58.71,success,
w2_2026_000065_scan_mild_01,w2_2026_000065,w2,validation,mild,control_number,identifier,W2-2026-000065,W2-2026-000065,W22026000065,W22026000065,True,100.0,0.0,success,
w2_2026_000065_scan_mild_01,w2_2026_000065,w2,validation,mild,employee_first_name,text,NICHOLAS T.,NICHOLAS T.,NICHOLAS T,NICHOLAS T,True,100.0,92.5,success,
w2_2026_000065_scan_mild_01,w2_2026_000065,w2,validation,mild,employee_last_name,text,MORRISON,MORRISON,MORRISON,MORRISON,True,100.0,96.0,success,
w2_2026_000065_scan_mild_01,w2_2026_000065,w2,validation,mild,employee_address,multiline,"3854 OWENS RUN
KYLESTAD, NY 65680","3854 OWENS RUN KYLESTAD, NY 65680 f Employee’s address and ZIP code",3854 OWENS RUN KYLESTAD NY 65680,3854 OWENS RUN KYLESTAD NY 65680 F EMPLOYEE S ADDRESS AND ZIP CODE,False,65.31,93.67,success,
w2_2026_000065_scan_mild_01,w2_2026_000065,w2,validation,mild,wages,money,"50,902.29",") 60,902.29",50902.29,60902.29,False,87.5,6.0,success,
w2_2026_000065_scan_mild_01,w2_2026_000065,w2,validation,mild,federal_tax_withheld,money,"11,109.14","49,109.14",11109.14,49109.14,False,75.0,34.0,success,
w2_2026_000065_scan_mild_01,w2_2026_000065,w2,validation,mild,social_security_wages,money,"50,902.29","(- 50,902.29",50902.29,-50902.29,False,94.12,18.5,success,
w2_2026_000065_scan_mild_01,w2_2026_000065,w2,validation,mild,social_security_tax_withheld,money,"3,155.94","3,155.94",3155.94,3155.94,True,100.0,57.0,success,
w2_2026_000065_scan_mild_01,w2_2026_000065,w2,validation,mild,medicare_wages,money,"50,902.29","50,902.29",50902.29,50902.29,True,100.0,26.0,success,
w2_2026_000065_scan_mild_01,w2_2026_000065,w2,validation,mild,medicare_tax_withheld,money,738.08,738.08,738.08,738.08,True,100.0,96.0,success,
w2_2026_000065_scan_mild_01,w2_2026_000065,w2,validation,mild,state,state,NY,NY,NY,NY,True,100.0,0.0,success,
w2_2026_000065_scan_mild_01,w2_2026_000065,w2,validation,mild,employer_state_id,identifier,NY-9214801,NY9214801,NY9214801,NY9214801,True,100.0,0.0,success,
w2_2026_000065_scan_mild_01,w2_2026_000065,w2,validation,mild,state_wages,money,"50,902.29","50,902.29",50902.29,50902.29,True,100.0,30.0,success,
w2_2026_000065_scan_mild_01,w2_2026_000065,w2,validation,mild,state_income_tax,money,914.01,914.07,914.01,914.07,False,83.33,43.0,success,
w2_2026_000077_scan_mild_01,w2_2026_000077,w2,validation,mild,employee_ssn,identifier,000-81-6992,000-81 6992 NR,000816992,000816992NR,False,90.0,27.67,success,
w2_2026_000077_scan_mild_01,w2_2026_000077,w2,validation,mild,employer_ein,identifier,00-2515030,00-2515030 WRADETRETINSCARIUEEEPMSEELREED,002515030,002515030WRADETRETINSCARIUEEEPMSEELREED,False,37.5,0.0,success,
w2_2026_000077_scan_mild_01,w2_2026_000077,w2,validation,mild,employer_name_address,multiline,"PRICE, CARLSON AND ANDREWS
78282 ROBERTS FERRY SUITE 790
STEPHANIEFORT, DC 26076","ww Guy vo hlaiiin, cuaivevu, oes i—e~— PRICE, CARLSON AND ANDREWS 78282 ROBERTS FERRY SUITE 790 STEPHANIEFORT, DC 26076",PRICE CARLSON AND ANDREWS 78282 ROBERTS FERRY SUITE 790 STEPHANIEFORT DC 26076,WW GUY VO HLAIIIN CUAIVEVU OES I E PRICE CARLSON AND ANDREWS 78282 ROBERTS FERRY SUITE 790 STEPHANIEFORT DC 26076,False,81.68,62.68,success,
w2_2026_000077_scan_mild_01,w2_2026_000077,w2,validation,mild,control_number,identifier,W2-2026-000077,W2-2026-000077,W22026000077,W22026000077,True,100.0,0.0,success,
w2_2026_000077_scan_mild_01,w2_2026_000077,w2,validation,mild,employee_first_name,text,DARYL L.,DARYL L.,DARYL L,DARYL L,True,100.0,91.0,success,
w2_2026_000077_scan_mild_01,w2_2026_000077,w2,validation,mild,employee_last_name,text,STEELE,STEELE,STEELE,STEELE,True,100.0,96.0,success,
w2_2026_000077_scan_mild_01,w2_2026_000077,w2,validation,mild,employee_address,multiline,"876 PERRY VILLE SUITE 721
PORT KATHLEENPORT, AZ 36526","876 PERRY VILLE SUITE 721 PORT KATHLEENPORT, AZ 36526 f Employee’s address and ZIP code",876 PERRY VILLE SUITE 721 PORT KATHLEENPORT AZ 36526,876 PERRY VILLE SUITE 721 PORT KATHLEENPORT AZ 36526 F EMPLOYEE S ADDRESS AND ZIP CODE,False,75.36,94.53,success,
w2_2026_000077_scan_mild_01,w2_2026_000077,w2,validation,mild,wages,money,"84,826.98","5 84,826.98",84826.98,584826.98,False,94.12,20.0,success,
w2_2026_000077_scan_mild_01,w2_2026_000077,w2,validation,mild,federal_tax_withheld,money,"17,701.46","8 17,701 46",17701.46,81770146.00,False,73.68,47.0,success,
w2_2026_000077_scan_mild_01,w2_2026_000077,w2,validation,mild,social_security_wages,money,"84,826.98","- 84,826.98",84826.98,-84826.98,False,94.12,31.5,success,
w2_2026_000077_scan_mild_01,w2_2026_000077,w2,validation,mild,social_security_tax_withheld,money,"5,259.27",5259.27,5259.27,5259.27,True,100.0,53.0,success,
w2_2026_000077_scan_mild_01,w2_2026_000077,w2,validation,mild,medicare_wages,money,"84,826.98",84906.98,84826.98,84906.98,False,75.0,0.0,success,
w2_2026_000077_scan_mild_01,w2_2026_000077,w2,validation,mild,medicare_tax_withheld,money,"1,229.99","( 1,229.99",1229.99,1229.99,True,100.0,45.5,success,
w2_2026_000077_scan_mild_01,w2_2026_000077,w2,validation,mild,state,state,AZ,,AZ,,False,0.0,0.0,success,
w2_2026_000077_scan_mild_01,w2_2026_000077,w2,validation,mild,employer_state_id,identifier,AZ-8630043,AZ8690083,AZ8630043,AZ8690083,False,77.78,0.0,success,
w2_2026_000077_scan_mild_01,w2_2026_000077,w2,validation,mild,state_wages,money,"84,826.98","84,826.98",84826.98,84826.98,True,100.0,33.0,success,
w2_2026_000077_scan_mild_01,w2_2026_000077,w2,validation,mild,state_income_tax,money,"2,582.26","2,582.26",2582.26,2582.26,True,100.0,35.0,success,
