document_id,parent_document_id,document_type,split,quality,field_name,field_kind,expected_value,predicted_value,normalized_expected,normalized_prediction,exact_match,similarity,ocr_confidence,chosen_engine,baseline_prediction,baseline_confidence,enhanced_prediction,enhanced_confidence,estimated_skew_correction,status,error
1099_nec_2026_000080,1099_nec_2026_000080,1099_nec,validation,clean,payer_name,text,SPEARS-SMITH,SPEARS-SMITH,SPEARS SMITH,SPEARS SMITH,True,100.0,91.0,baseline,SPEARS-SMITH,91.0,,0.0,0.0,success,
1099_nec_2026_000080,1099_nec_2026_000080,1099_nec,validation,clean,payer_street,text,5727 CLARK SQUARE APT. 646,5727 CLARK SQUARE APT. 646,5727 CLARK SQUARE APT 646,5727 CLARK SQUARE APT 646,True,100.0,95.8,baseline,5727 CLARK SQUARE APT. 646,95.8,,0.0,0.0,success,
1099_nec_2026_000080,1099_nec_2026_000080,1099_nec,validation,clean,payer_city,text,LAKE MELISSALAND,LAKE MELISSALAND,LAKE MELISSALAND,LAKE MELISSALAND,True,100.0,92.5,baseline,LAKE MELISSALAND,92.5,,0.0,0.0,success,
1099_nec_2026_000080,1099_nec_2026_000080,1099_nec,validation,clean,payer_state,state,SC,SC,SC,SC,True,100.0,61.0,baseline,SC,61.0,SO,19.0,0.0,success,
1099_nec_2026_000080,1099_nec_2026_000080,1099_nec,validation,clean,payer_zip,text,64272,64272000¢=—C,64272,64272000,False,76.92,0.0,baseline,64272000¢=—C,0.0,,0.0,0.0,success,
1099_nec_2026_000080,1099_nec_2026_000080,1099_nec,validation,clean,payer_tin,identifier,00-3714471,00-3714471,003714471,003714471,True,100.0,91.0,baseline,00-3714471,91.0,,0.0,0.0,success,
1099_nec_2026_000080,1099_nec_2026_000080,1099_nec,validation,clean,recipient_tin,identifier,000-22-4513,000-22-4513,000224513,000224513,True,100.0,92.0,baseline,000-22-4513,92.0,,0.0,0.0,success,
1099_nec_2026_000080,1099_nec_2026_000080,1099_nec,validation,clean,recipient_name,text,HALEY CLARK,HALEY CLARK,HALEY CLARK,HALEY CLARK,True,100.0,96.0,baseline,HALEY CLARK,96.0,,0.0,0.0,success,
1099_nec_2026_000080,1099_nec_2026_000080,1099_nec,validation,clean,recipient_street,text,4577 ERIC PRAIRIE APT. 959,4577 ERIC PRAIRIE APT. 959,4577 ERIC PRAIRIE APT 959,4577 ERIC PRAIRIE APT 959,True,100.0,96.0,baseline,4577 ERIC PRAIRIE APT. 959,96.0,,0.0,0.0,success,
1099_nec_2026_000080,1099_nec_2026_000080,1099_nec,validation,clean,recipient_city,text,PERRYTOWN,PERRYTOWN,PERRYTOWN,PERRYTOWN,True,100.0,92.0,baseline,PERRYTOWN,92.0,PERRYTOWN,92.0,0.0,success,
1099_nec_2026_000080,1099_nec_2026_000080,1099_nec,validation,clean,recipient_state,state,WV,WW,WV,WW,False,50.0,26.0,enhanced,WV BR,28.0,WW,26.0,0.0,success,
1099_nec_2026_000080,1099_nec_2026_000080,1099_nec,validation,clean,recipient_zip,text,37710,37710 So eR Re ee Oe,37710,37710500,False,76.92,39.33,baseline,37710 So eR Re ee Oe,39.33,0,10.0,0.0,success,
1099_nec_2026_000080,1099_nec_2026_000080,1099_nec,validation,clean,nonemployee_compensation,money,"146,445.01","5 146,445.01",146445.01,5146445.01,False,94.74,72.0,baseline,"5 146,445.01",72.0,,0.0,0.0,success,
1099_nec_2026_000080,1099_nec_2026_000080,1099_nec,validation,clean,federal_income_tax_withheld,text,0.00,0.00,0.00,0.00,True,100.0,96.0,enhanced,: 0.00,48.0,0.00,96.0,0.0,success,
1099_nec_2026_000080,1099_nec_2026_000080,1099_nec,validation,clean,account_number,identifier,NEC-2026-000080,NEC-2026-000080,NEC2026000080,NEC2026000080,True,100.0,90.0,baseline,NEC-2026-000080,90.0,,0.0,0.0,success,
1099_nec_2026_000080,1099_nec_2026_000080,1099_nec,validation,clean,state_tax_withheld,money,"2,018.93","$8,018.93.",2018.93,8018.93,False,85.71,57.0,enhanced,"$,018.93.",0.0,"$8,018.93.",57.0,0.0,success,
1099_nec_2026_000080,1099_nec_2026_000080,1099_nec,validation,clean,state_payer_number,identifier,WV-1873301,-173901,WV1873301,173901,False,66.67,0.0,enhanced,W70,0.0,-173901,0.0,0.0,success,
1099_nec_2026_000080,1099_nec_2026_000080,1099_nec,validation,clean,state_income,money,"146,445.01","$146,445.01",146445.01,146445.01,True,100.0,47.0,enhanced,"$146,445.01",0.0,"$146,445.01",47.0,0.0,success,
1099_nec_2026_000091,1099_nec_2026_000091,1099_nec,validation,clean,payer_name,text,"NORMAN, SCHMIDT AND LINDSEY","NORMAN, SCHMIDT AND LINDSEY",NORMAN SCHMIDT AND LINDSEY,NORMAN SCHMIDT AND LINDSEY,True,100.0,95.5,baseline,"NORMAN, SCHMIDT AND LINDSEY",95.5,,0.0,0.0,success,
1099_nec_2026_000091,1099_nec_2026_000091,1099_nec,validation,clean,payer_street,text,793 KATIE MEADOWS,793 KATIE MEADOWS,793 KATIE MEADOWS,793 KATIE MEADOWS,True,100.0,96.0,baseline,793 KATIE MEADOWS,96.0,,0.0,0.0,success,
1099_nec_2026_000091,1099_nec_2026_000091,1099_nec,validation,clean,payer_city,text,STEVENBERG,STEVENBERG,STEVENBERG,STEVENBERG,True,100.0,91.0,baseline,STEVENBERG,91.0,STEVENBERG,93.0,0.0,success,
1099_nec_2026_000091,1099_nec_2026_000091,1099_nec,validation,clean,payer_state,state,SD,SO,SD,SO,False,50.0,35.0,enhanced,SD E,0.0,SO,35.0,0.0,success,
1099_nec_2026_000091,1099_nec_2026_000091,1099_nec,validation,clean,payer_zip,text,43811,43814,43811,43814,False,80.0,64.0,baseline,43814,64.0,,0.0,0.0,success,
1099_nec_2026_000091,1099_nec_2026_000091,1099_nec,validation,clean,payer_tin,identifier,00-5609255,00-5609255,005609255,005609255,True,100.0,92.0,baseline,00-5609255,92.0,,0.0,0.0,success,
1099_nec_2026_000091,1099_nec_2026_000091,1099_nec,validation,clean,recipient_tin,identifier,000-72-3996,000-72-3996,000723996,000723996,True,100.0,92.0,baseline,000-72-3996,92.0,,0.0,0.0,success,
1099_nec_2026_000091,1099_nec_2026_000091,1099_nec,validation,clean,recipient_name,text,MATTHEW MORGAN,MATTHEW MORGAN,MATTHEW MORGAN,MATTHEW MORGAN,True,100.0,96.0,baseline,MATTHEW MORGAN,96.0,,0.0,0.0,success,
1099_nec_2026_000091,1099_nec_2026_000091,1099_nec,validation,clean,recipient_street,text,69409 SMITH FORK SUITE 624,69409 SMITH FORK SUITE 624,69409 SMITH FORK SUITE 624,69409 SMITH FORK SUITE 624,True,100.0,96.0,baseline,69409 SMITH FORK SUITE 624,96.0,,0.0,0.0,success,
1099_nec_2026_000091,1099_nec_2026_000091,1099_nec,validation,clean,recipient_city,text,NEW EMILY,NEW EMILY.,NEW EMILY,NEW EMILY,True,100.0,80.5,baseline,NEW EMILY.,80.5,,0.0,0.0,success,
1099_nec_2026_000091,1099_nec_2026_000091,1099_nec,validation,clean,recipient_state,state,MD,WO,MD,WO,False,0.0,63.0,enhanced,MD SB,11.5,WO,63.0,0.0,success,
1099_nec_2026_000091,1099_nec_2026_000091,1099_nec,validation,clean,recipient_zip,text,70279,70279 So eR Re ee Oe,70279,70279500,False,76.92,39.17,baseline,70279 So eR Re ee Oe,39.17,9,0.0,0.0,success,
1099_nec_2026_000091,1099_nec_2026_000091,1099_nec,validation,clean,nonemployee_compensation,money,"65,276.44","6 65,276.44",65276.44,665276.44,False,94.12,72.0,enhanced,"$ 65,276.44",54.0,"6 65,276.44",72.0,0.0,success,
1099_nec_2026_000091,1099_nec_2026_000091,1099_nec,validation,clean,federal_income_tax_withheld,text,0.00,0.00,0.00,0.00,True,100.0,96.0,enhanced,: 0.00,48.0,0.00,96.0,0.0,success,
1099_nec_2026_000091,1099_nec_2026_000091,1099_nec,validation,clean,account_number,identifier,NEC-2026-000091,NEC-2026-000091,NEC2026000091,NEC2026000091,True,100.0,91.0,baseline,NEC-2026-000091,91.0,,0.0,0.0,success,
1099_nec_2026_000091,1099_nec_2026_000091,1099_nec,validation,clean,state_tax_withheld,money,0.00,$0.00,0.00,0.00,True,100.0,57.0,enhanced,,0.0,$0.00,57.0,0.0,success,
1099_nec_2026_000091,1099_nec_2026_000091,1099_nec,validation,clean,state_payer_number,identifier,MD-5702093,MDSM02099,MD5702093,MDSM02099,False,66.67,0.0,baseline,MDSM02099,0.0,-MOS702098,0.0,0.0,success,
1099_nec_2026_000091,1099_nec_2026_000091,1099_nec,validation,clean,state_income,money,"65,276.44","$65,276.44",65276.44,65276.44,True,100.0,51.0,enhanced,"$(85,276.44",0.0,"$65,276.44",51.0,0.0,success,
1099_nec_2026_000156,1099_nec_2026_000156,1099_nec,validation,clean,payer_name,text,BROWN AND SONS,BROWN AND SONS,BROWN AND SONS,BROWN AND SONS,True,100.0,95.33,baseline,BROWN AND SONS,95.33,,0.0,0.0,success,
1099_nec_2026_000156,1099_nec_2026_000156,1099_nec,validation,clean,payer_street,text,84526 BARTLETT HEIGHTS SUITE 391,84526 BARTLETT HEIGHTS SUITE 391,84526 BARTLETT HEIGHTS SUITE 391,84526 BARTLETT HEIGHTS SUITE 391,True,100.0,95.6,baseline,84526 BARTLETT HEIGHTS SUITE 391,95.6,,0.0,0.0,success,
1099_nec_2026_000156,1099_nec_2026_000156,1099_nec,validation,clean,payer_city,text,SCOTTFORT,SCOTTFORT,SCOTTFORT,SCOTTFORT,True,100.0,92.0,baseline,SCOTTFORT,92.0,SCOTTFORT,91.0,0.0,success,
1099_nec_2026_000156,1099_nec_2026_000156,1099_nec,validation,clean,payer_state,state,AL,PO,AL,PO,False,0.0,1.0,enhanced,AL ST,32.5,PO,1.0,0.0,success,
1099_nec_2026_000156,1099_nec_2026_000156,1099_nec,validation,clean,payer_zip,text,15523,15523,15523,15523,True,100.0,64.0,baseline,15523,64.0,88,0.0,0.0,success,
1099_nec_2026_000156,1099_nec_2026_000156,1099_nec,validation,clean,payer_tin,identifier,00-7443916,00-7443916,007443916,007443916,True,100.0,93.0,baseline,00-7443916,93.0,,0.0,0.0,success,
1099_nec_2026_000156,1099_nec_2026_000156,1099_nec,validation,clean,recipient_tin,identifier,000-75-3619,000-75-3619,000753619,000753619,True,100.0,92.0,baseline,000-75-3619,92.0,,0.0,0.0,success,
1099_nec_2026_000156,1099_nec_2026_000156,1099_nec,validation,clean,recipient_name,text,COREY KING,COREY KING,COREY KING,COREY KING,True,100.0,95.5,baseline,COREY KING,95.5,,0.0,0.0,success,
1099_nec_2026_000156,1099_nec_2026_000156,1099_nec,validation,clean,recipient_street,text,291 DAVID CANYON,291 DAVID CANYON,291 DAVID CANYON,291 DAVID CANYON,True,100.0,96.0,baseline,291 DAVID CANYON,96.0,,0.0,0.0,success,
1099_nec_2026_000156,1099_nec_2026_000156,1099_nec,validation,clean,recipient_city,text,EAST JULIE,EAST JULIE,EAST JULIE,EAST JULIE,True,100.0,95.0,baseline,EAST JULIE,95.0,,0.0,0.0,success,
1099_nec_2026_000156,1099_nec_2026_000156,1099_nec,validation,clean,recipient_state,state,VA,VA R,VA,VAR,False,80.0,38.0,baseline,VA R,38.0,W,0.0,0.0,success,
1099_nec_2026_000156,1099_nec_2026_000156,1099_nec,validation,clean,recipient_zip,text,09964,09964 Sa eR YR Se ee Oe,09964,09964550,False,76.92,34.0,baseline,09964 Sa eR YR Se ee Oe,34.0,,0.0,0.0,success,
1099_nec_2026_000156,1099_nec_2026_000156,1099_nec,validation,clean,nonemployee_compensation,money,"23,727.28","23,727.28",23727.28,23727.28,True,100.0,95.0,enhanced,". 23,727.28",47.0,"23,727.28",95.0,0.0,success,
1099_nec_2026_000156,1099_nec_2026_000156,1099_nec,validation,clean,federal_income_tax_withheld,text,"2,513.53",": 2,513.53",2513.53,2513.53,True,100.0,48.0,baseline,": 2,513.53",48.0,2513.53,51.0,0.0,success,
1099_nec_2026_000156,1099_nec_2026_000156,1099_nec,validation,clean,account_number,identifier,NEC-2026-000156,NEC-2026-000156,NEC2026000156,NEC2026000156,True,100.0,91.0,baseline,NEC-2026-000156,91.0,,0.0,0.0,success,
1099_nec_2026_000156,1099_nec_2026_000156,1099_nec,validation,clean,state_tax_withheld,money,0.00,$0.00,0.00,0.00,True,100.0,57.0,enhanced,,0.0,$0.00,57.0,0.0,success,
1099_nec_2026_000156,1099_nec_2026_000156,1099_nec,validation,clean,state_payer_number,identifier,VA-3866974,MASBCOSTS,VA3866974,MASBCOSTS,False,11.11,0.0,baseline,MASBCOSTS,0.0,AS6674,0.0,0.0,success,
1099_nec_2026_000156,1099_nec_2026_000156,1099_nec,validation,clean,state_income,money,"23,727.28","$23,727.28",23727.28,23727.28,True,100.0,55.0,enhanced,"$23,727.28",32.0,"$23,727.28",55.0,0.0,success,
w2_2026_000014,w2_2026_000014,w2,validation,clean,employee_ssn,identifier,000-75-4899,00-75-4899 BT,000754899,007548998,False,88.89,10.5,baseline,00-75-4899 BT,10.5,J000-754899,0.0,0.0,success,
w2_2026_000014,w2_2026_000014,w2,validation,clean,employer_ein,identifier,00-5672073,005672073,005672073,005672073,True,100.0,0.0,baseline,005672073,0.0,00-5672073,0.0,0.0,success,
w2_2026_000014,w2_2026_000014,w2,validation,clean,employer_name_address,multiline,"SANCHEZ GROUP
6936 ROSS DRIVE
PORT MICHELLEVILLE, WI 56225","SANCHEZ GROUP 6936 ROSS DRIVE PORT MICHELLEVILLE, WI 56225",SANCHEZ GROUP 6936 ROSS DRIVE PORT MICHELLEVILLE WI 56225,SANCHEZ GROUP 6936 ROSS DRIVE PORT MICHELLEVILLE WI 56225,True,100.0,93.67,baseline,"SANCHEZ GROUP 6936 ROSS DRIVE PORT MICHELLEVILLE, WI 56225",93.67,,0.0,0.0,success,
w2_2026_000014,w2_2026_000014,w2,validation,clean,control_number,identifier,W2-2026-000014,22026-00001,W22026000014,2202600001,False,90.91,50.0,enhanced,W2-2026-000014,0.0,22026-00001,50.0,0.0,success,
w2_2026_000014,w2_2026_000014,w2,validation,clean,employee_first_name,text,JEFFREY G.,JEFFREY G.,JEFFREY G,JEFFREY G,True,100.0,91.0,baseline,JEFFREY G.,91.0,,0.0,0.0,success,
w2_2026_000014,w2_2026_000014,w2,validation,clean,employee_last_name,text,HERNANDEZ,HERNANDEZ,HERNANDEZ,HERNANDEZ,True,100.0,96.0,baseline,HERNANDEZ,96.0,HERNANDEZ,96.0,0.0,success,
w2_2026_000014,w2_2026_000014,w2,validation,clean,employee_address,multiline,"87083 STEPHEN UNIONS
CONTRERASSIDE, PA 42089","87083 STEPHEN UNIONS CONTRERASSIDE, PA 42089 f Employee’s address and ZIP code",87083 STEPHEN UNIONS CONTRERASSIDE PA 42089,87083 STEPHEN UNIONS CONTRERASSIDE PA 42089 F EMPLOYEE S ADDRESS AND ZIP CODE,False,71.67,94.75,baseline,"87083 STEPHEN UNIONS CONTRERASSIDE, PA 42089 f Employee’s address and ZIP code",94.75,,0.0,0.0,success,
w2_2026_000014,w2_2026_000014,w2,validation,clean,wages,money,"37,877.37","837,877.37",37877.37,837877.37,False,94.12,49.0,baseline,"837,877.37",49.0,"837,877.37",51.0,0.0,success,
w2_2026_000014,w2_2026_000014,w2,validation,clean,federal_tax_withheld,money,"4,417.66","4,417.66",4417.66,4417.66,True,100.0,74.0,enhanced,"8,417.66",48.0,"4,417.66",74.0,0.0,success,
w2_2026_000014,w2_2026_000014,w2,validation,clean,social_security_wages,money,"37,877.37","37,877.37",37877.37,37877.37,True,100.0,95.0,enhanced,"87,877.37",9.0,"37,877.37",95.0,0.0,success,
w2_2026_000014,w2_2026_000014,w2,validation,clean,social_security_tax_withheld,money,"2,348.40","2,848.40",2348.40,2848.40,False,85.71,64.0,enhanced,93.48.40,20.0,"2,848.40",64.0,0.0,success,
w2_2026_000014,w2_2026_000014,w2,validation,clean,medicare_wages,money,"37,877.37","37,877.87",37877.37,37877.87,False,87.5,58.0,enhanced,"837,977.37",13.0,"37,877.87",58.0,0.0,success,
w2_2026_000014,w2_2026_000014,w2,validation,clean,medicare_tax_withheld,money,549.22,549.20,549.22,549.20,False,83.33,75.0,baseline,549.20,75.0,,0.0,0.0,success,
w2_2026_000014,w2_2026_000014,w2,validation,clean,state,state,PA,PA,PA,PA,True,100.0,53.0,baseline,PA,53.0,A,0.0,0.0,success,
w2_2026_000014,w2_2026_000014,w2,validation,clean,employer_state_id,identifier,PA-8930103,PA930108,PA8930103,PA930108,False,82.35,0.0,baseline,PA930108,0.0,JP,0.0,0.0,success,
w2_2026_000014,w2_2026_000014,w2,validation,clean,state_wages,money,"37,877.37","87,877.37",37877.37,87877.37,False,87.5,54.0,baseline,"87,877.37",54.0,8787787,47.0,0.0,success,
w2_2026_000014,w2_2026_000014,w2,validation,clean,state_income_tax,money,"2,229.17",8229.17,2229.17,8229.17,False,85.71,50.0,baseline,8229.17,50.0,2829.17),54.0,0.0,success,
w2_2026_000092,w2_2026_000092,w2,validation,clean,employee_ssn,identifier,000-30-7062,00-30-7062 BT,000307062,003070628,False,88.89,3.5,baseline,00-30-7062 BT,3.5,J00030-7062,0.0,0.0,success,
w2_2026_000092,w2_2026_000092,w2,validation,clean,employer_ein,identifier,00-6228407,00-6228407,006228407,006228407,True,100.0,0.0,baseline,00-6228407,0.0,00-6226407,5.0,0.0,success,
w2_2026_000092,w2_2026_000092,w2,validation,clean,employer_name_address,multiline,"FLORES AND SONS
0785 TERRI COURTS
LAKE JOHN, ND 97108","FLORES AND SONS 0785 TERRI COURTS LAKE JOHN, ND 97108",FLORES AND SONS 0785 TERRI COURTS LAKE JOHN ND 97108,FLORES AND SONS 0785 TERRI COURTS LAKE JOHN ND 97108,True,100.0,95.9,baseline,"FLORES AND SONS 0785 TERRI COURTS LAKE JOHN, ND 97108",95.9,,0.0,0.0,success,
w2_2026_000092,w2_2026_000092,w2,validation,clean,control_number,identifier,W2-2026-000092,22026-00008,W22026000092,2202600008,False,81.82,34.0,enhanced,W2-2026-000092-,0.0,22026-00008,34.0,0.0,success,
w2_2026_000092,w2_2026_000092,w2,validation,clean,employee_first_name,text,WAYNE M.,WAYNE M.,WAYNE M,WAYNE M,True,100.0,92.5,baseline,WAYNE M.,92.5,,0.0,0.0,success,
w2_2026_000092,w2_2026_000092,w2,validation,clean,employee_last_name,text,NELSON,NELSON,NELSON,NELSON,True,100.0,96.0,baseline,NELSON,96.0,NELSON,96.0,0.0,success,
w2_2026_000092,w2_2026_000092,w2,validation,clean,employee_address,multiline,"96522 BRITTANY VALLEY
ROBINTOWN, VT 92324","96522 BRITTANY VALLEY ROBINTOWN, VT 92324 f Employee’s address and ZIP code",96522 BRITTANY VALLEY ROBINTOWN VT 92324,96522 BRITTANY VALLEY ROBINTOWN VT 92324 F EMPLOYEE S ADDRESS AND ZIP CODE,False,70.18,94.83,baseline,"96522 BRITTANY VALLEY ROBINTOWN, VT 92324 f Employee’s address and ZIP code",94.83,,0.0,0.0,success,
w2_2026_000092,w2_2026_000092,w2,validation,clean,wages,money,"33,143.40","883,143.40",33143.40,883143.40,False,82.35,55.0,enhanced,,0.0,"883,143.40",55.0,0.0,success,
w2_2026_000092,w2_2026_000092,w2,validation,clean,federal_tax_withheld,money,"3,138.06","3,138.06",3138.06,3138.06,True,100.0,76.0,enhanced,"8,138.06",32.0,"3,138.06",76.0,0.0,success,
w2_2026_000092,w2_2026_000092,w2,validation,clean,social_security_wages,money,"33,143.40","33,143.40",33143.40,33143.40,True,100.0,95.0,baseline,"33,143.40",95.0,,0.0,0.0,success,
w2_2026_000092,w2_2026_000092,w2,validation,clean,social_security_tax_withheld,money,"2,054.89","2,054.89",2054.89,2054.89,True,100.0,66.0,enhanced,8054.89,26.0,"2,054.89",66.0,0.0,success,
w2_2026_000092,w2_2026_000092,w2,validation,clean,medicare_wages,money,"33,143.40",33 43.40,33143.40,3343.40,False,93.33,82.0,enhanced,83.443.40,0.0,33 43.40,82.0,0.0,success,
w2_2026_000092,w2_2026_000092,w2,validation,clean,medicare_tax_withheld,money,480.58,480.58,480.58,480.58,True,100.0,96.0,baseline,480.58,96.0,,0.0,0.0,success,
w2_2026_000092,w2_2026_000092,w2,validation,clean,state,state,VT,T,VT,T,False,66.67,0.0,baseline,T,0.0,,0.0,0.0,success,
w2_2026_000092,w2_2026_000092,w2,validation,clean,employer_state_id,identifier,VT-2425342,225342,VT2425342,225342,False,80.0,0.0,baseline,225342,0.0,,0.0,0.0,success,
w2_2026_000092,w2_2026_000092,w2,validation,clean,state_wages,money,"33,143.40","83,148.40",33143.40,83148.40,False,75.0,58.0,enhanced,"88,148.40",43.0,"83,148.40",58.0,0.0,success,
w2_2026_000092,w2_2026_000092,w2,validation,clean,state_income_tax,money,"1,142.83",142.88),1142.83,142.88,False,76.92,52.0,enhanced,1142.83,23.0,142.88),52.0,0.0,success,
w2_2026_000136,w2_2026_000136,w2,validation,clean,employee_ssn,identifier,000-50-3662,00-50-3662 BT,000503662,005036628,False,88.89,23.5,baseline,00-50-3662 BT,23.5,5362,0.0,0.0,success,
w2_2026_000136,w2_2026_000136,w2,validation,clean,employer_ein,identifier,00-7592683,00-7592688,007592683,007592688,False,88.89,0.0,baseline,00-7592688,0.0,00-7592668,0.0,0.0,success,
w2_2026_000136,w2_2026_000136,w2,validation,clean,employer_name_address,multiline,"DUNCAN, SWEENEY AND JONES
3554 JACOBS LOCKS
PAMSTAD, WA 77429","DUNCAN, SWEENEY AND JONES 3554 JACOBS LOCKS PAMSTAD, WA 77429",DUNCAN SWEENEY AND JONES 3554 JACOBS LOCKS PAMSTAD WA 77429,DUNCAN SWEENEY AND JONES 3554 JACOBS LOCKS PAMSTAD WA 77429,True,100.0,95.3,baseline,"DUNCAN, SWEENEY AND JONES 3554 JACOBS LOCKS PAMSTAD, WA 77429",95.3,,0.0,0.0,success,
w2_2026_000136,w2_2026_000136,w2,validation,clean,control_number,identifier,W2-2026-000136,22026-00098,W22026000136,2202600098,False,72.73,25.0,enhanced,W2-2026-000136,0.0,22026-00098,25.0,0.0,success,
w2_2026_000136,w2_2026_000136,w2,validation,clean,employee_first_name,text,DANIELLE K.,DANIELLE K.,DANIELLE K,DANIELLE K,True,100.0,92.0,baseline,DANIELLE K.,92.0,,0.0,0.0,success,
w2_2026_000136,w2_2026_000136,w2,validation,clean,employee_last_name,text,FISHER,FISHER,FISHER,FISHER,True,100.0,96.0,baseline,FISHER,96.0,FISHER,96.0,0.0,success,
w2_2026_000136,w2_2026_000136,w2,validation,clean,employee_address,multiline,"2202 EBONY SUMMIT APT. 326
NORTH CALEBFORT, OH 07556","2202 EBONY SUMMIT APT. 326 NORTH CALEBFORT, OH 07556 f Employee’s address and ZIP code",2202 EBONY SUMMIT APT 326 NORTH CALEBFORT OH 07556,2202 EBONY SUMMIT APT 326 NORTH CALEBFORT OH 07556 F EMPLOYEE S ADDRESS AND ZIP CODE,False,74.63,94.53,baseline,"2202 EBONY SUMMIT APT. 326 NORTH CALEBFORT, OH 07556 f Employee’s address and ZIP code",94.53,,0.0,0.0,success,
w2_2026_000136,w2_2026_000136,w2,validation,clean,wages,money,"115,129.57","445,129.57",115129.57,445129.57,False,77.78,48.0,baseline,"445,129.57",48.0,"115,129.57",49.0,0.0,success,
w2_2026_000136,w2_2026_000136,w2,validation,clean,federal_tax_withheld,money,"17,628.43","17,628.48)",17628.43,17628.48,False,87.5,57.0,enhanced,"47,628.43",30.0,"17,628.48)",57.0,0.0,success,
w2_2026_000136,w2_2026_000136,w2,validation,clean,social_security_wages,money,"115,129.57",15.1 29.57,115129.57,15.13,False,42.86,78.0,enhanced,"415,129.57",30.0,15.1 29.57,78.0,0.0,success,
w2_2026_000136,w2_2026_000136,w2,validation,clean,social_security_tax_withheld,money,"7,138.03",7438.08,7138.03,7438.08,False,71.43,65.0,enhanced,7438.03,37.0,7438.08,65.0,0.0,success,
w2_2026_000136,w2_2026_000136,w2,validation,clean,medicare_wages,money,"115,129.57",115.1 29.57,115129.57,115.13,False,53.33,70.0,enhanced,44549.57,0.0,115.1 29.57,70.0,0.0,success,
w2_2026_000136,w2_2026_000136,w2,validation,clean,medicare_tax_withheld,money,"1,669.38","1,669.38",1669.38,1669.38,True,100.0,95.0,baseline,"1,669.38",95.0,,0.0,0.0,success,
w2_2026_000136,w2_2026_000136,w2,validation,clean,state,state,OH,OH,OH,OH,True,100.0,57.0,baseline,OH,57.0,J,0.0,0.0,success,
w2_2026_000136,w2_2026_000136,w2,validation,clean,employer_state_id,identifier,OH-6643410,OH66434100,OH6643410,OH66434100,False,94.74,0.0,baseline,OH66434100,0.0,J0,0.0,0.0,success,
w2_2026_000136,w2_2026_000136,w2,validation,clean,state_wages,money,"115,129.57","115,129.57",115129.57,115129.57,True,100.0,54.0,baseline,"115,129.57",54.0,"115,129.57",52.0,0.0,success,
w2_2026_000136,w2_2026_000136,w2,validation,clean,state_income_tax,money,"4,536.90","4,536.90)",4536.90,4536.90,True,100.0,54.0,enhanced,"4,836.90",46.0,"4,536.90)",54.0,0.0,success,
1099_nec_2026_000113_scan_hard_02,1099_nec_2026_000113,1099_nec,validation,hard,payer_name,text,MORGAN AND SONS,— AND SONS SS eseeseeeensesenensmeenemmeen,MORGAN AND SONS,AND SONS SS ESEESEEEENSESENENSMEENEMMEEN,False,29.09,49.4,enhanced,tee,26.0,— AND SONS SS eseeseeeensesenensmeenemmeen,49.4,0.0,success,
1099_nec_2026_000113_scan_hard_02,1099_nec_2026_000113,1099_nec,validation,hard,payer_street,text,627 HEATHER LIGHTS APT. 492,627 HEATHER LIGHTS APT. 492,627 HEATHER LIGHTS APT 492,627 HEATHER LIGHTS APT 492,True,100.0,91.4,baseline,627 HEATHER LIGHTS APT. 492,91.4,,0.0,0.0,success,
1099_nec_2026_000113_scan_hard_02,1099_nec_2026_000113,1099_nec,validation,hard,payer_city,text,ANDREWSBOROUGH,wy WT Sree ANDREWSBOROUGH,ANDREWSBOROUGH,WY WT SREE ANDREWSBOROUGH,False,71.79,45.0,enhanced,ANDREWSBOROUGH,90.0,wy WT Sree ANDREWSBOROUGH,45.0,0.0,success,
1099_nec_2026_000113_scan_hard_02,1099_nec_2026_000113,1099_nec,validation,hard,payer_state,state,FL,FL,FL,FL,True,100.0,77.0,baseline,FL,77.0,,0.0,0.0,success,
1099_nec_2026_000113_scan_hard_02,1099_nec_2026_000113,1099_nec,validation,hard,payer_zip,text,54409,009,54409,009,False,50.0,0.0,enhanced,5a —— Te eM VV,39.6,009,0.0,0.0,success,
1099_nec_2026_000113_scan_hard_02,1099_nec_2026_000113,1099_nec,validation,hard,payer_tin,identifier,00-6236326,A,006236326,,False,0.0,9.0,baseline,A,9.0,G,0.0,0.0,success,
1099_nec_2026_000113_scan_hard_02,1099_nec_2026_000113,1099_nec,validation,hard,recipient_tin,identifier,000-51-3598,000-51-3598,000513598,000513598,True,100.0,90.0,baseline,000-51-3598,90.0,,0.0,0.0,success,
1099_nec_2026_000113_scan_hard_02,1099_nec_2026_000113,1099_nec,validation,hard,recipient_name,text,DAVID RODGERS,DAVID RODGERS LS Se essesessspeuiernsnswememememmeerees,DAVID RODGERS,DAVID RODGERS LS SE ESSESESSSPEUIERNSNSWEMEMEMEMMEEREES,False,38.24,48.2,enhanced,Mpeg ie ee ne,21.75,DAVID RODGERS LS Se essesessspeuiernsnswememememmeerees,48.2,0.0,success,
1099_nec_2026_000113_scan_hard_02,1099_nec_2026_000113,1099_nec,validation,hard,recipient_street,text,9980 KRISTIN CORNER APT. 005,9980 KRISTIN CORNER APT. 005,9980 KRISTIN CORNER APT 005,9980 KRISTIN CORNER APT 005,True,100.0,95.2,baseline,9980 KRISTIN CORNER APT. 005,95.2,,0.0,0.0,success,
1099_nec_2026_000113_scan_hard_02,1099_nec_2026_000113,1099_nec,validation,hard,recipient_city,text,WEST SARAHSTAD,eee wr SNe UES WEST SARAHSTAD rr,WEST SARAHSTAD,EEE WR SNE UES WEST SARAHSTAD RR,False,60.87,46.0,enhanced,,0.0,eee wr SNe UES WEST SARAHSTAD rr,46.0,0.0,success,
1099_nec_2026_000113_scan_hard_02,1099_nec_2026_000113,1099_nec,validation,hard,recipient_state,state,ID,LR,ID,LR,False,0.0,16.0,enhanced,ID P,31.0,LR,16.0,0.0,success,
1099_nec_2026_000113_scan_hard_02,1099_nec_2026_000113,1099_nec,validation,hard,recipient_zip,text,97964,9766,97964,9766,False,66.67,69.0,baseline,9766,69.0,7964,6.0,0.0,success,
1099_nec_2026_000113_scan_hard_02,1099_nec_2026_000113,1099_nec,validation,hard,nonemployee_compensation,money,"8,622.09","$ 8,622.09",8622.09,8622.09,True,100.0,91.5,baseline,"$ 8,622.09",91.5,,0.0,0.0,success,
1099_nec_2026_000113_scan_hard_02,1099_nec_2026_000113,1099_nec,validation,hard,federal_income_tax_withheld,text,951.00,. 951.00,951.00,0.95,False,40.0,64.5,enhanced,can nts 951.00,37.67,. 951.00,64.5,0.0,success,
1099_nec_2026_000113_scan_hard_02,1099_nec_2026_000113,1099_nec,validation,hard,account_number,identifier,NEC-2026-000113,NEC-2026-000113 S,NEC2026000113,NEC2026000113S,False,96.3,29.5,baseline,NEC-2026-000113 S,29.5,7,32.0,0.0,success,
1099_nec_2026_000113_scan_hard_02,1099_nec_2026_000113,1099_nec,validation,hard,state_tax_withheld,money,344.54,$8,344.54,8.00,False,20.0,25.0,enhanced,0,0.0,$8,25.0,0.0,success,
1099_nec_2026_000113_scan_hard_02,1099_nec_2026_000113,1099_nec,validation,hard,state_payer_number,identifier,ID-9739692,W,ID9739692,W,False,0.0,0.0,enhanced,,0.0,W,0.0,0.0,success,
1099_nec_2026_000113_scan_hard_02,1099_nec_2026_000113,1099_nec,validation,hard,state_income,money,"8,622.09",$8622.09,8622.09,8622.09,True,100.0,23.0,enhanced,"$-8,622.09",0.0,$8622.09,23.0,0.0,success,
1099_nec_2026_000031_scan_hard_02,1099_nec_2026_000031,1099_nec,validation,hard,payer_name,text,JENKINS-BELL,| PATE o naine eae,JENKINS BELL,PATE O NAINE EAE,False,42.86,42.0,enhanced,2,5.0,| PATE o naine eae,42.0,-1.0,success,
1099_nec_2026_000031_scan_hard_02,1099_nec_2026_000031,1099_nec,validation,hard,payer_street,text,512 PATTERSON FALL APT. 866,512 PATTERSON FALL APT. 886 |,512 PATTERSON FALL APT 866,512 PATTERSON FALL APT 886,False,96.15,88.83,enhanced,512 PATTERSON ips oll css,50.6,512 PATTERSON FALL APT. 886 |,88.83,-1.0,success,
1099_nec_2026_000031_scan_hard_02,1099_nec_2026_000031,1099_nec,validation,hard,payer_city,text,MEGANCHESTER,Vay OF town | MEGANCHESTER |,MEGANCHESTER,VAY OF TOWN MEGANCHESTER,False,66.67,81.17,enhanced,Mec OF tow TER -,44.0,Vay OF town | MEGANCHESTER |,81.17,-1.0,success,
1099_nec_2026_000031_scan_hard_02,1099_nec_2026_000031,1099_nec,validation,hard,payer_state,state,SC,EG,SC,EG,False,0.0,4.0,enhanced,,0.0,EG,4.0,-1.0,success,
1099_nec_2026_000031_scan_hard_02,1099_nec_2026_000031,1099_nec,validation,hard,payer_zip,text,37626,37626 oo,37626,3762600,False,83.33,14.0,baseline,37626 oo,14.0,3,0.0,-1.0,success,
1099_nec_2026_000031_scan_hard_02,1099_nec_2026_000031,1099_nec,validation,hard,payer_tin,identifier,00-4470388,77,004470388,77,False,18.18,59.0,enhanced,ST,0.0,77,59.0,-1.0,success,
1099_nec_2026_000031_scan_hard_02,1099_nec_2026_000031,1099_nec,validation,hard,recipient_tin,identifier,000-93-8474,SS,000938474,55,False,0.0,4.0,baseline,SS,4.0,,0.0,-1.0,success,
1099_nec_2026_000031_scan_hard_02,1099_nec_2026_000031,1099_nec,validation,hard,recipient_name,text,TERESA BULLOCK,ene BULLOCK,TERESA BULLOCK,ENE BULLOCK,False,80.0,56.5,enhanced,TVW thar AGT,26.67,ene BULLOCK,56.5,-1.0,success,
1099_nec_2026_000031_scan_hard_02,1099_nec_2026_000031,1099_nec,validation,hard,recipient_street,text,11096 TYLER TERRACE,| 11096 TYLER TERRACE,11096 TYLER TERRACE,11096 TYLER TERRACE,True,100.0,95.5,baseline,| 11096 TYLER TERRACE,95.5,,0.0,-1.0,success,
1099_nec_2026_000031_scan_hard_02,1099_nec_2026_000031,1099_nec,validation,hard,recipient_city,text,LAKE SEANSHIRE,LAKE SEANSHIRE,LAKE SEANSHIRE,LAKE SEANSHIRE,True,100.0,74.5,baseline,LAKE SEANSHIRE,74.5,,0.0,-1.0,success,
1099_nec_2026_000031_scan_hard_02,1099_nec_2026_000031,1099_nec,validation,hard,recipient_state,state,AS,LS,AS,LS,False,50.0,19.0,enhanced,,0.0,LS,19.0,-1.0,success,
1099_nec_2026_000031_scan_hard_02,1099_nec_2026_000031,1099_nec,validation,hard,recipient_zip,text,04778,4778 See ee,04778,47785,False,80.0,32.33,baseline,4778 See ee,32.33,,0.0,-1.0,success,
1099_nec_2026_000031_scan_hard_02,1099_nec_2026_000031,1099_nec,validation,hard,nonemployee_compensation,money,"135,839.19","135,839.19",135839.19,135839.19,True,100.0,95.0,enhanced,"$ 135,839.19",62.5,"135,839.19",95.0,-1.0,success,
1099_nec_2026_000031_scan_hard_02,1099_nec_2026_000031,1099_nec,validation,hard,federal_income_tax_withheld,text,0.00,. 0.00,0.00,0.00,True,100.0,37.5,enhanced,"DOUG GE VE At re Sere were te teres , ope",18.0,. 0.00,37.5,-1.0,success,
1099_nec_2026_000031_scan_hard_02,1099_nec_2026_000031,1099_nec,validation,hard,account_number,identifier,NEC-2026-000031,LU RUVUN,NEC2026000031,LURUVUN,False,10.0,3.5,enhanced,OO,0.0,LU RUVUN,3.5,-1.0,success,
1099_nec_2026_000031_scan_hard_02,1099_nec_2026_000031,1099_nec,validation,hard,state_tax_withheld,money,0.00,"$0.00,",0.00,0.00,True,100.0,60.0,enhanced,,0.0,"$0.00,",60.0,-1.0,success,
1099_nec_2026_000031_scan_hard_02,1099_nec_2026_000031,1099_nec,validation,hard,state_payer_number,identifier,AS-1910586,AS-1910506,AS1910586,AS1910506,False,88.89,0.0,enhanced,,0.0,AS-1910506,0.0,-1.0,success,
1099_nec_2026_000031_scan_hard_02,1099_nec_2026_000031,1099_nec,validation,hard,state_income,money,"135,839.19","$195,800.19",135839.19,195800.19,False,66.67,29.0,enhanced,,0.0,"$195,800.19",29.0,-1.0,success,
w2_2026_000243_scan_hard_02,w2_2026_000243,w2,validation,hard,employee_ssn,identifier,000-63-9773,77,000639773,77,False,36.36,0.0,baseline,77,0.0,7,0.0,-0.5,success,
w2_2026_000243_scan_hard_02,w2_2026_000243,w2,validation,hard,employer_ein,identifier,00-8966231,DS O - - S,008966231,0505,False,30.77,6.0,enhanced,,0.0,DS O - - S,6.0,-0.5,success,
w2_2026_000243_scan_hard_02,w2_2026_000243,w2,validation,hard,employer_name_address,multiline,"HENDRICKS, WOLFE AND BOWEN
6815 KARINA PARKWAYS
ROBERTBURGH, KS 27681",c we Gir cove 6815 KARINA PARKWA KS 27681,HENDRICKS WOLFE AND BOWEN 6815 KARINA PARKWAYS ROBERTBURGH KS 27681,C WE GIR COVE 6815 KARINA PARKWA KS 27681,False,66.67,76.22,enhanced,"VF wy we ee vee, Se ee owe : . . . a a 6815 KARINA PARKWAYS 7 7 mH ROBERTBURGH, KS 27681 re eke",41.16,c we Gir cove 6815 KARINA PARKWA KS 27681,76.22,-0.5,success,
w2_2026_000243_scan_hard_02,w2_2026_000243,w2,validation,hard,control_number,identifier,W2-2026-000243,W20008,W22026000243,W20008,False,55.56,0.0,enhanced,,0.0,W20008,0.0,-0.5,success,
w2_2026_000243_scan_hard_02,w2_2026_000243,w2,validation,hard,employee_first_name,text,JOSHUA U.,JOSHUA U.,JOSHUA U,JOSHUA U,True,100.0,89.5,enhanced,JOSHUA U. ee,48.67,JOSHUA U.,89.5,-0.5,success,
w2_2026_000243_scan_hard_02,w2_2026_000243,w2,validation,hard,employee_last_name,text,MEDINA,MEDINA »,MEDINA,MEDINA,True,100.0,67.0,enhanced,,0.0,MEDINA »,67.0,-0.5,success,
w2_2026_000243_scan_hard_02,w2_2026_000243,w2,validation,hard,employee_address,multiline,"0176 REESE WALKS
SOUTH BENJAMIN, KS 15532",0176 REESE WALKS | ee Saks SOUTH BENJAMIN. KS 15532 Soest,0176 REESE WALKS SOUTH BENJAMIN KS 15532,0176 REESE WALKS EE SAKS SOUTH BENJAMIN KS 15532 SOEST,False,85.11,67.91,baseline,0176 REESE WALKS | ee Saks SOUTH BENJAMIN. KS 15532 Soest,67.91,,0.0,-0.5,success,
w2_2026_000243_scan_hard_02,w2_2026_000243,w2,validation,hard,wages,money,"97,455.43","97,455.43",97455.43,97455.43,True,100.0,89.0,enhanced,,0.0,"97,455.43",89.0,-0.5,success,
w2_2026_000243_scan_hard_02,w2_2026_000243,w2,validation,hard,federal_tax_withheld,money,"22,932.52",2,22932.52,2.00,False,33.33,14.0,enhanced,-,0.0,2,14.0,-0.5,success,
w2_2026_000243_scan_hard_02,w2_2026_000243,w2,validation,hard,social_security_wages,money,"97,455.43","97,466.43",97455.43,97466.43,False,75.0,37.0,enhanced,,0.0,"97,466.43",37.0,-0.5,success,
w2_2026_000243_scan_hard_02,w2_2026_000243,w2,validation,hard,social_security_tax_withheld,money,"6,042.24",1,6042.24,1.00,False,18.18,21.0,baseline,1,21.0,38,0.0,-0.5,success,
w2_2026_000243_scan_hard_02,w2_2026_000243,w2,validation,hard,medicare_wages,money,"97,455.43",-,97455.43,-,False,0.0,0.0,enhanced,,0.0,-,0.0,-0.5,success,
w2_2026_000243_scan_hard_02,w2_2026_000243,w2,validation,hard,medicare_tax_withheld,money,"1,413.10",10,1413.10,10.00,False,50.0,0.0,enhanced,,0.0,10,0.0,-0.5,success,
w2_2026_000243_scan_hard_02,w2_2026_000243,w2,validation,hard,state,state,KS,I,KS,I,False,0.0,0.0,enhanced,,0.0,I,0.0,-0.5,success,
w2_2026_000243_scan_hard_02,w2_2026_000243,w2,validation,hard,employer_state_id,identifier,KS-7623718,,KS7623718,,False,0.0,0.0,baseline,,0.0,,0.0,-0.5,success,
w2_2026_000243_scan_hard_02,w2_2026_000243,w2,validation,hard,state_wages,money,"97,455.43",97.455 43,97455.43,97.46,False,61.54,43.0,baseline,97.455 43,43.0,8785-48,25.0,-0.5,success,
w2_2026_000243_scan_hard_02,w2_2026_000243,w2,validation,hard,state_income_tax,money,"3,735.68",888,3735.68,888.00,False,15.38,42.0,baseline,888,42.0,7,0.0,-0.5,success,
1099_nec_2026_000036_scan_hard_02,1099_nec_2026_000036,1099_nec,validation,hard,payer_name,text,"CLEMENTS, MORENO AND SANDERS",retort & rate | un,CLEMENTS MORENO AND SANDERS,RETORT AND RATE UN,False,48.89,33.4,enhanced,See eee we eee ; te,23.0,retort & rate | un,33.4,-1.0,success,
1099_nec_2026_000036_scan_hard_02,1099_nec_2026_000036,1099_nec,validation,hard,payer_street,text,56253 JASON LANDING,{6253 JASON LANOWNG,56253 JASON LANDING,6253 JASON LANOWNG,False,86.49,49.0,enhanced,,0.0,{6253 JASON LANOWNG,49.0,-1.0,success,
1099_nec_2026_000036_scan_hard_02,1099_nec_2026_000036,1099_nec,validation,hard,payer_city,text,DUSTINMOUTH,| Vay GF wu | _,DUSTINMOUTH,VAY GF WU,False,10.0,63.17,enhanced,,0.0,| Vay GF wu | _,63.17,-1.0,success,
1099_nec_2026_000036_scan_hard_02,1099_nec_2026_000036,1099_nec,validation,hard,payer_state,state,DE,E E,DE,EE,False,50.0,0.0,baseline,E E,0.0,EE,0.0,-1.0,success,
1099_nec_2026_000036_scan_hard_02,1099_nec_2026_000036,1099_nec,validation,hard,payer_zip,text,01763,or CC,01763,0,False,33.33,35.5,baseline,or CC,35.5,,0.0,-1.0,success,
1099_nec_2026_000036_scan_hard_02,1099_nec_2026_000036,1099_nec,validation,hard,payer_tin,identifier,00-3913368,,003913368,,False,0.0,0.0,baseline,,0.0,,0.0,-1.0,success,
1099_nec_2026_000036_scan_hard_02,1099_nec_2026_000036,1099_nec,validation,hard,recipient_tin,identifier,000-26-2696,3,000262696,3,False,0.0,24.0,enhanced,4 T,4.0,3,24.0,-1.0,success,
1099_nec_2026_000036_scan_hard_02,1099_nec_2026_000036,1099_nec,validation,hard,recipient_name,text,ADAM MURPHY,Sarr : war =. “,ADAM MURPHY,SARR WAR,False,31.58,33.4,baseline,Sarr : war =. “,33.4,| Or Care ww rere : —,26.29,-1.0,success,
1099_nec_2026_000036_scan_hard_02,1099_nec_2026_000036,1099_nec,validation,hard,recipient_street,text,538 PAUL RAPIDS APT. 831,588 PAUL RAPIOS APT. 83,538 PAUL RAPIDS APT 831,588 PAUL RAPIOS APT 83,False,88.89,63.0,enhanced,,0.0,588 PAUL RAPIOS APT. 83,63.0,-1.0,success,
1099_nec_2026_000036_scan_hard_02,1099_nec_2026_000036,1099_nec,validation,hard,recipient_city,text,JENNIFERLAND,| : < F SSS,JENNIFERLAND,F SSS,False,11.76,32.4,baseline,| : < F SSS,32.4,sSeeren ww,16.5,-1.0,success,
1099_nec_2026_000036_scan_hard_02,1099_nec_2026_000036,1099_nec,validation,hard,recipient_state,state,OK,KC,OK,KC,False,50.0,13.0,baseline,KC,13.0,CS,0.0,-1.0,success,
1099_nec_2026_000036_scan_hard_02,1099_nec_2026_000036,1099_nec,validation,hard,recipient_zip,text,85208,es2 al ee,85208,521,False,50.0,31.0,baseline,es2 al ee,31.0,-,0.0,-1.0,success,
1099_nec_2026_000036_scan_hard_02,1099_nec_2026_000036,1099_nec,validation,hard,nonemployee_compensation,money,"84,022.53","$ 84,022.53",84022.53,84022.53,True,100.0,92.5,enhanced,"$ 84,022.53",71.0,"$ 84,022.53",92.5,-1.0,success,
1099_nec_2026_000036_scan_hard_02,1099_nec_2026_000036,1099_nec,validation,hard,federal_income_tax_withheld,text,0.00,", 0.00",0.00,0.00,True,100.0,40.5,enhanced,ee ee ee ‘ine,29.25,", 0.00",40.5,-1.0,success,
1099_nec_2026_000036_scan_hard_02,1099_nec_2026_000036,1099_nec,validation,hard,account_number,identifier,NEC-2026-000036,CRPPTUTRCRSVRYUOW,NEC2026000036,CRPPTUTRCRSVRYUOW,False,6.67,0.0,enhanced,3 - 1,23.0,CRPPTUTRCRSVRYUOW,0.0,-1.0,success,
1099_nec_2026_000036_scan_hard_02,1099_nec_2026_000036,1099_nec,validation,hard,state_tax_withheld,money,0.00,.),0.00,.,False,40.0,0.0,enhanced,,0.0,.),0.0,-1.0,success,
1099_nec_2026_000036_scan_hard_02,1099_nec_2026_000036,1099_nec,validation,hard,state_payer_number,identifier,OK-6399642,O T722,OK6399642,OT722,False,28.57,0.0,baseline,O T722,0.0,,0.0,-1.0,success,
1099_nec_2026_000036_scan_hard_02,1099_nec_2026_000036,1099_nec,validation,hard,state_income,money,"84,022.53",$-2-,84022.53,-2-,False,18.18,0.0,baseline,$-2-,0.0,$,0.0,-1.0,success,
w2_2026_000065_scan_hard_02,w2_2026_000065,w2,validation,hard,employee_ssn,identifier,000-53-9318,00-53-8318 TO,000539318,005383180,False,77.78,0.0,baseline,00-53-8318 TO,0.0,J-S318 3SUUCHKESOUUTIILYFUT,0.0,-0.5,success,
w2_2026_000065_scan_hard_02,w2_2026_000065,w2,validation,hard,employer_ein,identifier,00-5482413,00-5482413,005482413,005482413,True,100.0,75.0,enhanced,00-5482413 FICTCUTIF,18.5,00-5482413,75.0,-0.5,success,
w2_2026_000065_scan_hard_02,w2_2026_000065,w2,validation,hard,employer_name_address,multiline,"LOPEZ PLC
3540 SHARON STREETS
LAKE YVONNEFORT, PW 32298","VY By 2 att, QAnves, WW Gt wwwe . LOPEZ PLC 3540 SHARON STREETS LAKE YVONNEFORT, PW 32298",LOPEZ PLC 3540 SHARON STREETS LAKE YVONNEFORT PW 32298,VY BY 2 ATT QANVES WW GT WWWE LOPEZ PLC 3540 SHARON STREETS LAKE YVONNEFORT PW 32298,False,78.26,62.5,baseline,"VY By 2 att, QAnves, WW Gt wwwe . LOPEZ PLC 3540 SHARON STREETS LAKE YVONNEFORT, PW 32298",62.5,,0.0,-0.5,success,
w2_2026_000065_scan_hard_02,w2_2026_000065,w2,validation,hard,control_number,identifier,W2-2026-000065,W2-2026-0 T S,W22026000065,W220260TS,False,66.67,16.67,baseline,W2-2026-0 T S,16.67,W2-2026-000085,0.0,-0.5,success,
w2_2026_000065_scan_hard_02,w2_2026_000065,w2,validation,hard,employee_first_name,text,NICHOLAS T.,NICHOLAS T.,NICHOLAS T,NICHOLAS T,True,100.0,92.5,baseline,NICHOLAS T.,92.5,,0.0,-0.5,success,
w2_2026_000065_scan_hard_02,w2_2026_000065,w2,validation,hard,employee_last_name,text,MORRISON,MORRISON,MORRISON,MORRISON,True,100.0,95.0,baseline,MORRISON,95.0,MORRISON,96.0,-0.5,success,
w2_2026_000065_scan_hard_02,w2_2026_000065,w2,validation,hard,employee_address,multiline,"3854 OWENS RUN
KYLESTAD, NY 65680","3854 OWENS RUN KYLESTAD, NY 65680 f Employee's address and ZIP code =",3854 OWENS RUN KYLESTAD NY 65680,3854 OWENS RUN KYLESTAD NY 65680 F EMPLOYEE S ADDRESS AND ZIP CODE,False,65.31,84.23,baseline,"3854 OWENS RUN KYLESTAD, NY 65680 f Employee's address and ZIP code =",84.23,,0.0,-0.5,success,
w2_2026_000065_scan_hard_02,w2_2026_000065,w2,validation,hard,wages,money,"50,902.29","50,908.29",50902.29,50908.29,False,87.5,55.0,baseline,"50,908.29",55.0,"50,902.29)",25.0,-0.5,success,
w2_2026_000065_scan_hard_02,w2_2026_000065,w2,validation,hard,federal_tax_withheld,money,"11,109.14","11,109.14",11109.14,11109.14,True,100.0,0.0,baseline,"11,109.14",0.0,"14,400.14",0.0,-0.5,success,
w2_2026_000065_scan_hard_02,w2_2026_000065,w2,validation,hard,social_security_wages,money,"50,902.29","9 50,902.29",50902.29,950902.29,False,94.12,43.5,enhanced,,0.0,"9 50,902.29",43.5,-0.5,success,
w2_2026_000065_scan_hard_02,w2_2026_000065,w2,validation,hard,social_security_tax_withheld,money,"3,155.94",", 3155.94",3155.94,3155.94,True,100.0,22.5,enhanced,,0.0,", 3155.94",22.5,-0.5,success,
w2_2026_000065_scan_hard_02,w2_2026_000065,w2,validation,hard,medicare_wages,money,"50,902.29","50,902.29",50902.29,50902.29,True,100.0,46.0,enhanced,,0.0,"50,902.29",46.0,-0.5,success,
w2_2026_000065_scan_hard_02,w2_2026_000065,w2,validation,hard,medicare_tax_withheld,money,738.08,- 738.08,738.08,-738.08,False,92.31,21.5,baseline,- 738.08,21.5,738.08,10.0,-0.5,success,
w2_2026_000065_scan_hard_02,w2_2026_000065,w2,validation,hard,state,state,NY,C,NY,C,False,0.0,0.0,enhanced,,0.0,C,0.0,-0.5,success,
w2_2026_000065_scan_hard_02,w2_2026_000065,w2,validation,hard,employer_state_id,identifier,NY-9214801,IN,NY9214801,IN,False,18.18,0.0,baseline,IN,0.0,N,0.0,-0.5,success,
w2_2026_000065_scan_hard_02,w2_2026_000065,w2,validation,hard,state_wages,money,"50,902.29","50,902.28",50902.29,50902.28,False,87.5,0.0,enhanced,,0.0,"50,902.28",0.0,-0.5,success,
w2_2026_000065_scan_hard_02,w2_2026_000065,w2,validation,hard,state_income_tax,money,914.01,91401),914.01,91401.00,False,71.43,56.0,enhanced,94.04,42.0,91401),56.0,-0.5,success,
w2_2026_000077_scan_hard_02,w2_2026_000077,w2,validation,hard,employee_ssn,identifier,000-81-6992,,000816992,,False,0.0,0.0,baseline,,0.0,,0.0,0.5,success,
w2_2026_000077_scan_hard_02,w2_2026_000077,w2,validation,hard,employer_ein,identifier,00-2515030,00-2818030,002515030,002818030,False,77.78,64.0,enhanced,2615030 FRWTVTLTTEFEEYT F,6.0,00-2818030,64.0,0.5,success,
w2_2026_000077_scan_hard_02,w2_2026_000077,w2,validation,hard,employer_name_address,multiline,"PRICE, CARLSON AND ANDREWS
78282 ROBERTS FERRY SUITE 790
STEPHANIEFORT, DC 26076","Sl athe? Budd SON AND ANDREV tlle 76282 ROBERTS FERRY SUITE 790 STEPHANIEFORT, OC 26076",PRICE CARLSON AND ANDREWS 78282 ROBERTS FERRY SUITE 790 STEPHANIEFORT DC 26076,SL ATHE BUDD SON AND ANDREV TLLE 76282 ROBERTS FERRY SUITE 790 STEPHANIEFORT OC 26076,False,80.98,73.53,baseline,"Sl athe? Budd SON AND ANDREV tlle 76282 ROBERTS FERRY SUITE 790 STEPHANIEFORT, OC 26076",73.53,,0.0,0.5,success,
w2_2026_000077_scan_hard_02,w2_2026_000077,w2,validation,hard,control_number,identifier,W2-2026-000077,W2-2026-0 TS S -,W22026000077,W220260TSS,False,63.64,10.25,baseline,W2-2026-0 TS S -,10.25,OR,16.0,0.5,success,
w2_2026_000077_scan_hard_02,w2_2026_000077,w2,validation,hard,employee_first_name,text,DARYL L.,DARYL L.,DARYL L,DARYL L,True,100.0,84.5,baseline,DARYL L.,84.5,,0.0,0.5,success,
w2_2026_000077_scan_hard_02,w2_2026_000077,w2,validation,hard,employee_last_name,text,STEELE,STEELE,STEELE,STEELE,True,100.0,95.0,baseline,STEELE,95.0,STEELE,96.0,0.5,success,
w2_2026_000077_scan_hard_02,w2_2026_000077,w2,validation,hard,employee_address,multiline,"876 PERRY VILLE SUITE 721
PORT KATHLEENPORT, AZ 36526","676 PERRY VALE SUITE 721 PORT KATHLEENPORT, AZ 36526 f Employee's address and ZIP code ee emetaiee",876 PERRY VILLE SUITE 721 PORT KATHLEENPORT AZ 36526,676 PERRY VALE SUITE 721 PORT KATHLEENPORT AZ 36526 F EMPLOYEE S ADDRESS AND ZIP CODE EE EMETAIEE,False,65.77,78.76,baseline,"676 PERRY VALE SUITE 721 PORT KATHLEENPORT, AZ 36526 f Employee's address and ZIP code ee emetaiee",78.76,,0.0,0.5,success,
w2_2026_000077_scan_hard_02,w2_2026_000077,w2,validation,hard,wages,money,"84,826.98",". 84,826.98",84826.98,0.85,False,33.33,4.0,baseline,". 84,826.98",4.0,"5,, 4.826.98",0.0,0.5,success,
w2_2026_000077_scan_hard_02,w2_2026_000077,w2,validation,hard,federal_tax_withheld,money,"17,701.46",17701 46,17701.46,1770146.00,False,77.78,29.5,enhanced,,0.0,17701 46,29.5,0.5,success,
w2_2026_000077_scan_hard_02,w2_2026_000077,w2,validation,hard,social_security_wages,money,"84,826.98","4,826.98",84826.98,4826.98,False,93.33,38.0,enhanced,"84,826.98",15.0,"4,826.98",38.0,0.5,success,
w2_2026_000077_scan_hard_02,w2_2026_000077,w2,validation,hard,social_security_tax_withheld,money,"5,259.27","7, 27",5259.27,727.00,False,30.77,0.0,enhanced,,0.0,"7, 27",0.0,0.5,success,
w2_2026_000077_scan_hard_02,w2_2026_000077,w2,validation,hard,medicare_wages,money,"84,826.98","84,826.98",84826.98,84826.98,True,100.0,48.0,baseline,"84,826.98",48.0,"84,226.98",47.0,0.5,success,
w2_2026_000077_scan_hard_02,w2_2026_000077,w2,validation,hard,medicare_tax_withheld,money,"1,229.99",1229.99,1229.99,1229.99,True,100.0,38.0,enhanced,,0.0,1229.99,38.0,0.5,success,
w2_2026_000077_scan_hard_02,w2_2026_000077,w2,validation,hard,state,state,AZ,ZI,AZ,ZI,False,50.0,0.0,enhanced,,0.0,ZI,0.0,0.5,success,
w2_2026_000077_scan_hard_02,w2_2026_000077,w2,validation,hard,employer_state_id,identifier,AZ-8630043,AZ,AZ8630043,AZ,False,36.36,0.0,baseline,AZ,0.0,,0.0,0.5,success,
w2_2026_000077_scan_hard_02,w2_2026_000077,w2,validation,hard,state_wages,money,"84,826.98","84,828.98",84826.98,84828.98,False,87.5,25.0,enhanced,,0.0,"84,828.98",25.0,0.5,success,
w2_2026_000077_scan_hard_02,w2_2026_000077,w2,validation,hard,state_income_tax,money,"2,582.26",2882.26),2582.26,2882.26,False,85.71,44.0,enhanced,,0.0,2882.26),44.0,0.5,success,
1099_nec_2026_000031_scan_mild_01,1099_nec_2026_000031,1099_nec,validation,mild,payer_name,text,JENKINS-BELL,JENKINS-BELL,JENKINS BELL,JENKINS BELL,True,100.0,66.0,baseline,JENKINS-BELL,66.0,,0.0,-0.5,success,
1099_nec_2026_000031_scan_mild_01,1099_nec_2026_000031,1099_nec,validation,mild,payer_street,text,512 PATTERSON FALL APT. 866,512 PATTERSON FALL APT. 866,512 PATTERSON FALL APT 866,512 PATTERSON FALL APT 866,True,100.0,96.0,baseline,512 PATTERSON FALL APT. 866,96.0,,0.0,-0.5,success,
1099_nec_2026_000031_scan_mild_01,1099_nec_2026_000031,1099_nec,validation,mild,payer_city,text,MEGANCHESTER,MEGANCHESTER,MEGANCHESTER,MEGANCHESTER,True,100.0,93.0,enhanced,MEGANCHESTER :,46.0,MEGANCHESTER,93.0,-0.5,success,
1099_nec_2026_000031_scan_mild_01,1099_nec_2026_000031,1099_nec,validation,mild,payer_state,state,SC,SC W W,SC,SCWW,False,66.67,9.33,baseline,SC W W,9.33,S,0.0,-0.5,success,
1099_nec_2026_000031_scan_mild_01,1099_nec_2026_000031,1099_nec,validation,mild,payer_zip,text,37626,376,37626,376,False,75.0,39.0,enhanced,37626 Pwiwiygtt Www wvwuw,22.0,376,39.0,-0.5,success,
1099_nec_2026_000031_scan_mild_01,1099_nec_2026_000031,1099_nec,validation,mild,payer_tin,identifier,00-4470388,00-4470388,004470388,004470388,True,100.0,92.0,baseline,00-4470388,92.0,,0.0,-0.5,success,
1099_nec_2026_000031_scan_mild_01,1099_nec_2026_000031,1099_nec,validation,mild,recipient_tin,identifier,000-93-8474,000-93-8474,000938474,000938474,True,100.0,92.0,baseline,000-93-8474,92.0,,0.0,-0.5,success,
1099_nec_2026_000031_scan_mild_01,1099_nec_2026_000031,1099_nec,validation,mild,recipient_name,text,TERESA BULLOCK,TERESA BULLOCK,TERESA BULLOCK,TERESA BULLOCK,True,100.0,96.0,enhanced,TERESA BULLOCK -,41.67,TERESA BULLOCK,96.0,-0.5,success,
1099_nec_2026_000031_scan_mild_01,1099_nec_2026_000031,1099_nec,validation,mild,recipient_street,text,11096 TYLER TERRACE,11096 TYLER TERRACE |,11096 TYLER TERRACE,11096 TYLER TERRACE,True,100.0,94.0,baseline,11096 TYLER TERRACE |,94.0,,0.0,-0.5,success,
1099_nec_2026_000031_scan_mild_01,1099_nec_2026_000031,1099_nec,validation,mild,recipient_city,text,LAKE SEANSHIRE,LAKE SEANSHIRE |,LAKE SEANSHIRE,LAKE SEANSHIRE,True,100.0,84.67,baseline,LAKE SEANSHIRE |,84.67,,0.0,-0.5,success,
1099_nec_2026_000031_scan_mild_01,1099_nec_2026_000031,1099_nec,validation,mild,recipient_state,state,AS,SY,AS,SY,False,50.0,8.0,enhanced,AS W,2.0,SY,8.0,-0.5,success,
1099_nec_2026_000031_scan_mild_01,1099_nec_2026_000031,1099_nec,validation,mild,recipient_zip,text,04778,04778 OO WHOIS PO WW ww ee,04778,04778000150,False,62.5,38.0,baseline,04778 OO WHOIS PO WW ww ee,38.0,,0.0,-0.5,success,
1099_nec_2026_000031_scan_mild_01,1099_nec_2026_000031,1099_nec,validation,mild,nonemployee_compensation,money,"135,839.19",$ 9,135839.19,9.00,False,30.77,77.0,baseline,$ 9,77.0,,0.0,-0.5,success,
1099_nec_2026_000031_scan_mild_01,1099_nec_2026_000031,1099_nec,validation,mild,federal_income_tax_withheld,text,0.00,. 0.00,0.00,0.00,True,100.0,72.5,enhanced,eee eee 0.00,39.0,. 0.00,72.5,-0.5,success,
1099_nec_2026_000031_scan_mild_01,1099_nec_2026_000031,1099_nec,validation,mild,account_number,identifier,NEC-2026-000031,NEC-2026-000031,NEC2026000031,NEC2026000031,True,100.0,80.0,baseline,NEC-2026-000031,80.0,,0.0,-0.5,success,
1099_nec_2026_000031_scan_mild_01,1099_nec_2026_000031,1099_nec,validation,mild,state_tax_withheld,money,0.00,$00,0.00,0.00,True,100.0,55.0,enhanced,,0.0,$00,55.0,-0.5,success,
1099_nec_2026_000031_scan_mild_01,1099_nec_2026_000031,1099_nec,validation,mild,state_payer_number,identifier,AS-1910586,AS91056,AS1910586,AS91056,False,87.5,56.0,enhanced,,0.0,AS91056,56.0,-0.5,success,
1099_nec_2026_000031_scan_mild_01,1099_nec_2026_000031,1099_nec,validation,mild,state_income,money,"135,839.19","$185,839.19",135839.19,185839.19,False,88.89,0.0,baseline,"$185,839.19",0.0,"$135,839.19",0.0,-0.5,success,
1099_nec_2026_000113_scan_mild_01,1099_nec_2026_000113,1099_nec,validation,mild,payer_name,text,MORGAN AND SONS,MORGAN AND SONS,MORGAN AND SONS,MORGAN AND SONS,True,100.0,95.67,baseline,MORGAN AND SONS,95.67,,0.0,0.0,success,
1099_nec_2026_000113_scan_mild_01,1099_nec_2026_000113,1099_nec,validation,mild,payer_street,text,627 HEATHER LIGHTS APT. 492,627 HEATHER LIGHTS APT. 492,627 HEATHER LIGHTS APT 492,627 HEATHER LIGHTS APT 492,True,100.0,96.0,baseline,627 HEATHER LIGHTS APT. 492,96.0,,0.0,0.0,success,
1099_nec_2026_000113_scan_mild_01,1099_nec_2026_000113,1099_nec,validation,mild,payer_city,text,ANDREWSBOROUGH,Why wl tree ANDREWSBOROUGH,ANDREWSBOROUGH,WHY WL TREE ANDREWSBOROUGH,False,70.0,59.25,enhanced,ANDREWSBOROUGH,91.0,Why wl tree ANDREWSBOROUGH,59.25,0.0,success,
1099_nec_2026_000113_scan_mild_01,1099_nec_2026_000113,1099_nec,validation,mild,payer_state,state,FL,FO,FL,FO,False,50.0,29.0,enhanced,FL W,28.5,FO,29.0,0.0,success,
1099_nec_2026_000113_scan_mild_01,1099_nec_2026_000113,1099_nec,validation,mild,payer_zip,text,54409,"Gantt 09 o~, Senda - plied eee wewewea",54409,609050110,False,28.57,39.38,baseline,"Gantt 09 o~, Senda - plied eee wewewea",39.38,409,0.0,0.0,success,
1099_nec_2026_000113_scan_mild_01,1099_nec_2026_000113,1099_nec,validation,mild,payer_tin,identifier,00-6236326,00-6236326,006236326,006236326,True,100.0,92.0,baseline,00-6236326,92.0,,0.0,0.0,success,
1099_nec_2026_000113_scan_mild_01,1099_nec_2026_000113,1099_nec,validation,mild,recipient_tin,identifier,000-51-3598,000-51-3598,000513598,000513598,True,100.0,92.0,baseline,000-51-3598,92.0,,0.0,0.0,success,
1099_nec_2026_000113_scan_mild_01,1099_nec_2026_000113,1099_nec,validation,mild,recipient_name,text,DAVID RODGERS,DAVID RODGERS :,DAVID RODGERS,DAVID RODGERS,True,100.0,63.33,baseline,DAVID RODGERS :,63.33,,0.0,0.0,success,
1099_nec_2026_000113_scan_mild_01,1099_nec_2026_000113,1099_nec,validation,mild,recipient_street,text,9980 KRISTIN CORNER APT. 005,9980 KRISTIN CORNER APT. 005,9980 KRISTIN CORNER APT 005,9980 KRISTIN CORNER APT 005,True,100.0,91.2,baseline,9980 KRISTIN CORNER APT. 005,91.2,,0.0,0.0,success,
1099_nec_2026_000113_scan_mild_01,1099_nec_2026_000113,1099_nec,validation,mild,recipient_city,text,WEST SARAHSTAD,WEST SARAHSTAD,WEST SARAHSTAD,WEST SARAHSTAD,True,100.0,92.0,baseline,WEST SARAHSTAD,92.0,,0.0,0.0,success,
1099_nec_2026_000113_scan_mild_01,1099_nec_2026_000113,1099_nec,validation,mild,recipient_state,state,ID,EP,ID,EP,False,0.0,9.0,enhanced,ID TL,38.0,EP,9.0,0.0,success,
1099_nec_2026_000113_scan_mild_01,1099_nec_2026_000113,1099_nec,validation,mild,recipient_zip,text,97964,97964 Tare a a NEE re cathe eS,97964,979645,False,90.91,29.12,baseline,97964 Tare a a NEE re cathe eS,29.12,70,0.0,0.0,success,
1099_nec_2026_000113_scan_mild_01,1099_nec_2026_000113,1099_nec,validation,mild,nonemployee_compensation,money,"8,622.09","$ 8,622.09",8622.09,8622.09,True,100.0,48.0,baseline,"$ 8,622.09",48.0,"$ 8,622.09",49.0,0.0,success,
1099_nec_2026_000113_scan_mild_01,1099_nec_2026_000113,1099_nec,validation,mild,federal_income_tax_withheld,text,951.00,951.00,951.00,951.00,True,100.0,94.0,enhanced,: Bene thay aay eas 951.00,28.5,951.00,94.0,0.0,success,
1099_nec_2026_000113_scan_mild_01,1099_nec_2026_000113,1099_nec,validation,mild,account_number,identifier,NEC-2026-000113,NEC-2026-000113,NEC2026000113,NEC2026000113,True,100.0,16.0,baseline,NEC-2026-000113,16.0,NEC-2026-000113 -,11.0,0.0,success,
1099_nec_2026_000113_scan_mild_01,1099_nec_2026_000113,1099_nec,validation,mild,state_tax_withheld,money,344.54,$848.54,344.54,848.54,False,66.67,58.0,enhanced,,0.0,$848.54,58.0,0.0,success,
1099_nec_2026_000113_scan_mild_01,1099_nec_2026_000113,1099_nec,validation,mild,state_payer_number,identifier,ID-9739692,72,ID9739692,72,False,36.36,0.0,baseline,72,0.0,W,0.0,0.0,success,
1099_nec_2026_000113_scan_mild_01,1099_nec_2026_000113,1099_nec,validation,mild,state_income,money,"8,622.09","$8,622.09",8622.09,8622.09,True,100.0,19.0,enhanced,"$8,622.09",0.0,"$8,622.09",19.0,0.0,success,
1099_nec_2026_000036_scan_mild_01,1099_nec_2026_000036,1099_nec,validation,mild,payer_name,text,"CLEMENTS, MORENO AND SANDERS","CLEMENTS, MORENO AND SANDERS",CLEMENTS MORENO AND SANDERS,CLEMENTS MORENO AND SANDERS,True,100.0,95.0,baseline,"CLEMENTS, MORENO AND SANDERS",95.0,,0.0,0.5,success,
1099_nec_2026_000036_scan_mild_01,1099_nec_2026_000036,1099_nec,validation,mild,payer_street,text,56253 JASON LANDING,56253 JASON LANDING,56253 JASON LANDING,56253 JASON LANDING,True,100.0,95.67,baseline,56253 JASON LANDING,95.67,,0.0,0.5,success,
1099_nec_2026_000036_scan_mild_01,1099_nec_2026_000036,1099_nec,validation,mild,payer_city,text,DUSTINMOUTH,wity Vi wwvvit DUSTINMOUTH,DUSTINMOUTH,WITY VI WWVVIT DUSTINMOUTH,False,59.46,69.25,enhanced,DUSTINMOUTH,93.0,wity Vi wwvvit DUSTINMOUTH,69.25,0.5,success,
1099_nec_2026_000036_scan_mild_01,1099_nec_2026_000036,1099_nec,validation,mild,payer_state,state,DE,PS,DE,PS,False,0.0,6.0,enhanced,DE Y V,26.33,PS,6.0,0.5,success,
1099_nec_2026_000036_scan_mild_01,1099_nec_2026_000036,1099_nec,validation,mild,payer_zip,text,01763,or763 owe wiwts vey vvuys,01763,07630155,False,61.54,27.6,baseline,or763 owe wiwts vey vvuys,27.6,73,6.0,0.5,success,
1099_nec_2026_000036_scan_mild_01,1099_nec_2026_000036,1099_nec,validation,mild,payer_tin,identifier,00-3913368,00-3913368,003913368,003913368,True,100.0,92.0,baseline,00-3913368,92.0,,0.0,0.5,success,
1099_nec_2026_000036_scan_mild_01,1099_nec_2026_000036,1099_nec,validation,mild,recipient_tin,identifier,000-26-2696,000-26-2696,000262696,000262696,True,100.0,92.0,baseline,000-26-2696,92.0,,0.0,0.5,success,
1099_nec_2026_000036_scan_mild_01,1099_nec_2026_000036,1099_nec,validation,mild,recipient_name,text,ADAM MURPHY,ADAM MURPHY,ADAM MURPHY,ADAM MURPHY,True,100.0,95.0,baseline,ADAM MURPHY,95.0,,0.0,0.5,success,
1099_nec_2026_000036_scan_mild_01,1099_nec_2026_000036,1099_nec,validation,mild,recipient_street,text,538 PAUL RAPIDS APT. 831,538 PAUL RAPIDS APT. 831,538 PAUL RAPIDS APT 831,538 PAUL RAPIDS APT 831,True,100.0,96.0,baseline,538 PAUL RAPIDS APT. 831,96.0,,0.0,0.5,success,
1099_nec_2026_000036_scan_mild_01,1099_nec_2026_000036,1099_nec,validation,mild,recipient_city,text,JENNIFERLAND,JENNIFERLAND,JENNIFERLAND,JENNIFERLAND,True,100.0,90.0,baseline,JENNIFERLAND,90.0,JENNIFERLAND,93.0,0.5,success,
1099_nec_2026_000036_scan_mild_01,1099_nec_2026_000036,1099_nec,validation,mild,recipient_state,state,OK,J,OK,J,False,0.0,36.0,enhanced,OK WVCWW,28.0,J,36.0,0.5,success,
1099_nec_2026_000036_scan_mild_01,1099_nec_2026_000036,1099_nec,validation,mild,recipient_zip,text,85208,208,85208,208,False,75.0,0.0,enhanced,85208 08 HOGS. 8 PO WOR IR,38.43,208,0.0,0.5,success,
1099_nec_2026_000036_scan_mild_01,1099_nec_2026_000036,1099_nec,validation,mild,nonemployee_compensation,money,"84,022.53","84,022.53",84022.53,84022.53,True,100.0,94.0,baseline,"84,022.53",94.0,,0.0,0.5,success,
1099_nec_2026_000036_scan_mild_01,1099_nec_2026_000036,1099_nec,validation,mild,federal_income_tax_withheld,text,0.00,0.00,0.00,0.00,True,100.0,93.0,enhanced,; Soa em 0.00,35.25,0.00,93.0,0.5,success,
1099_nec_2026_000036_scan_mild_01,1099_nec_2026_000036,1099_nec,validation,mild,account_number,identifier,NEC-2026-000036,NEC-2026-000036,NEC2026000036,NEC2026000036,True,100.0,0.0,baseline,NEC-2026-000036,0.0,NEC-202600086,0.0,0.5,success,
1099_nec_2026_000036_scan_mild_01,1099_nec_2026_000036,1099_nec,validation,mild,state_tax_withheld,money,0.00,$00,0.00,0.00,True,100.0,51.0,enhanced,,0.0,$00,51.0,0.5,success,
1099_nec_2026_000036_scan_mild_01,1099_nec_2026_000036,1099_nec,validation,mild,state_payer_number,identifier,OK-6399642,OK-962,OK6399642,OK962,False,71.43,0.0,baseline,OK-962,0.0,OK8062,0.0,0.5,success,
1099_nec_2026_000036_scan_mild_01,1099_nec_2026_000036,1099_nec,validation,mild,state_income,money,"84,022.53","$84,022.89",84022.53,84022.89,False,75.0,37.0,enhanced,"$84,022.53",0.0,"$84,022.89",37.0,0.5,success,
w2_2026_000243_scan_mild_01,w2_2026_000243,w2,validation,mild,employee_ssn,identifier,000-63-9773,J-38773 SSUUIISUUMU,000639773,3877355115,False,42.11,0.0,enhanced,000-63-9773- FOVVIV,0.0,J-38773 SSUUIISUUMU,0.0,-0.5,success,
w2_2026_000243_scan_mild_01,w2_2026_000243,w2,validation,mild,employer_ein,identifier,00-8966231,00-BG5O IANMEEIN,008966231,00865011,False,58.82,0.0,enhanced,H IUSHUNCAUUNIUTTCHIN,0.0,00-BG5O IANMEEIN,0.0,-0.5,success,
w2_2026_000243_scan_mild_01,w2_2026_000243,w2,validation,mild,employer_name_address,multiline,"HENDRICKS, WOLFE AND BOWEN
6815 KARINA PARKWAYS
ROBERTBURGH, KS 27681","GC CHPIVyYS! do lHallic, AUUIGOD, anu air wuus HENDRICKS, WOLFE AND BOWEN 6815 KARINA PARKWAYS ROBERTBURGH, KS 27681",HENDRICKS WOLFE AND BOWEN 6815 KARINA PARKWAYS ROBERTBURGH KS 27681,GC CHPIVYYS DO LHALLIC AUUIGOD ANU AIR WUUS HENDRICKS WOLFE AND BOWEN 6815 KARINA PARKWAYS ROBERTBURGH KS 27681,False,75.28,70.61,baseline,"GC CHPIVyYS! do lHallic, AUUIGOD, anu air wuus HENDRICKS, WOLFE AND BOWEN 6815 KARINA PARKWAYS ROBERTBURGH, KS 27681",70.61,,0.0,-0.5,success,
w2_2026_000243_scan_mild_01,w2_2026_000243,w2,validation,mild,control_number,identifier,W2-2026-000243,W22026-000243,W22026000243,W22026000243,True,100.0,0.0,baseline,W22026-000243,0.0,W-2026-000043-,0.0,-0.5,success,
w2_2026_000243_scan_mild_01,w2_2026_000243,w2,validation,mild,employee_first_name,text,JOSHUA U.,JOSHUA U.,JOSHUA U,JOSHUA U,True,100.0,91.0,baseline,JOSHUA U.,91.0,,0.0,-0.5,success,
w2_2026_000243_scan_mild_01,w2_2026_000243,w2,validation,mild,employee_last_name,text,MEDINA,MEDINA,MEDINA,MEDINA,True,100.0,96.0,baseline,MEDINA,96.0,MEDINA,96.0,-0.5,success,
w2_2026_000243_scan_mild_01,w2_2026_000243,w2,validation,mild,employee_address,multiline,"0176 REESE WALKS
SOUTH BENJAMIN, KS 15532","0176 REESE WALKS SOUTH BENJAMIN, KS 15532 f Employee’s address and ZIP code",0176 REESE WALKS SOUTH BENJAMIN KS 15532,0176 REESE WALKS SOUTH BENJAMIN KS 15532 F EMPLOYEE S ADDRESS AND ZIP CODE,False,70.18,95.15,baseline,"0176 REESE WALKS SOUTH BENJAMIN, KS 15532 f Employee’s address and ZIP code",95.15,,0.0,-0.5,success,
w2_2026_000243_scan_mild_01,w2_2026_000243,w2,validation,mild,wages,money,"97,455.43",975543),97455.43,975543.00,False,70.59,45.0,enhanced,"), 97455.43",0.0,975543),45.0,-0.5,success,
w2_2026_000243_scan_mild_01,w2_2026_000243,w2,validation,mild,federal_tax_withheld,money,"22,932.52","22,932.52",22932.52,22932.52,True,100.0,0.0,baseline,"22,932.52",0.0,"2 22,982.52",0.0,-0.5,success,
w2_2026_000243_scan_mild_01,w2_2026_000243,w2,validation,mild,social_security_wages,money,"97,455.43","97,455.43",97455.43,97455.43,True,100.0,95.0,baseline,"97,455.43",95.0,,0.0,-0.5,success,
w2_2026_000243_scan_mild_01,w2_2026_000243,w2,validation,mild,social_security_tax_withheld,money,"6,042.24","6,042.24",6042.24,6042.24,True,100.0,87.0,baseline,"6,042.24",87.0,,0.0,-0.5,success,
w2_2026_000243_scan_mild_01,w2_2026_000243,w2,validation,mild,medicare_wages,money,"97,455.43","97,455.43",97455.43,97455.43,True,100.0,71.0,baseline,"97,455.43",71.0,"07,455.43",69.0,-0.5,success,
w2_2026_000243_scan_mild_01,w2_2026_000243,w2,validation,mild,medicare_tax_withheld,money,"1,413.10","1,413.10",1413.10,1413.10,True,100.0,96.0,baseline,"1,413.10",96.0,,0.0,-0.5,success,
w2_2026_000243_scan_mild_01,w2_2026_000243,w2,validation,mild,state,state,KS,IK,KS,IK,False,50.0,0.0,enhanced,K,0.0,IK,0.0,-0.5,success,
w2_2026_000243_scan_mild_01,w2_2026_000243,w2,validation,mild,employer_state_id,identifier,KS-7623718,K7718,KS7623718,K7718,False,71.43,0.0,enhanced,MS,18.0,K7718,0.0,-0.5,success,
w2_2026_000243_scan_mild_01,w2_2026_000243,w2,validation,mild,state_wages,money,"97,455.43","97,485.43",97455.43,97485.43,False,87.5,46.0,enhanced,.,0.0,"97,485.43",46.0,-0.5,success,
w2_2026_000243_scan_mild_01,w2_2026_000243,w2,validation,mild,state_income_tax,money,"3,735.68","3,735.68)",3735.68,3735.68,True,100.0,31.0,enhanced,,0.0,"3,735.68)",31.0,-0.5,success,
w2_2026_000065_scan_mild_01,w2_2026_000065,w2,validation,mild,employee_ssn,identifier,000-53-9318,000-563-9318 NF,000539318,0005639318,False,94.74,12.0,baseline,000-563-9318 NF,12.0,00-53-9318 VVUUIAOOUUIIYPUV,0.0,0.0,success,
w2_2026_000065_scan_mild_01,w2_2026_000065,w2,validation,mild,employer_ein,identifier,00-5482413,B IVOCMUNCAUOHMUNIVCTLCTIN,005482413,8100111,False,37.5,0.0,enhanced,00-5482413 PNANEPREUENSGARINEEFUNSETERTE,0.0,B IVOCMUNCAUOHMUNIVCTLCTIN,0.0,0.0,success,
w2_2026_000065_scan_mild_01,w2_2026_000065,w2,validation,mild,employer_name_address,multiline,"LOPEZ PLC
3540 SHARON STREETS
LAKE YVONNEFORT, PW 32298","Ww Get I sew Ww TRAE Eg SO ae gS ee wwaww LOPEZ PLC 3540 SHARON STREETS LAKE YVONNEFORT, PW 32298",LOPEZ PLC 3540 SHARON STREETS LAKE YVONNEFORT PW 32298,WW GET I SEW WW TRAE EG SO AE GS EE WWAWW LOPEZ PLC 3540 SHARON STREETS LAKE YVONNEFORT PW 32298,False,72.0,58.71,baseline,"Ww Get I sew Ww TRAE Eg SO ae gS ee wwaww LOPEZ PLC 3540 SHARON STREETS LAKE YVONNEFORT, PW 32298",58.71,,0.0,0.0,success,
w2_2026_000065_scan_mild_01,w2_2026_000065,w2,validation,mild,control_number,identifier,W2-2026-000065,W2-2026-000065,W22026000065,W22026000065,True,100.0,34.0,enhanced,W2-2026-000065,0.0,W2-2026-000065,34.0,0.0,success,
w2_2026_000065_scan_mild_01,w2_2026_000065,w2,validation,mild,employee_first_name,text,NICHOLAS T.,NICHOLAS T.,NICHOLAS T,NICHOLAS T,True,100.0,92.5,baseline,NICHOLAS T.,92.5,,0.0,0.0,success,
w2_2026_000065_scan_mild_01,w2_2026_000065,w2,validation,mild,employee_last_name,text,MORRISON,MORRISON,MORRISON,MORRISON,True,100.0,96.0,baseline,MORRISON,96.0,MORRISON,96.0,0.0,success,
w2_2026_000065_scan_mild_01,w2_2026_000065,w2,validation,mild,employee_address,multiline,"3854 OWENS RUN
KYLESTAD, NY 65680","3854 OWENS RUN KYLESTAD, NY 65680 f Employee’s address and ZIP code",3854 OWENS RUN KYLESTAD NY 65680,3854 OWENS RUN KYLESTAD NY 65680 F EMPLOYEE S ADDRESS AND ZIP CODE,False,65.31,93.67,baseline,"3854 OWENS RUN KYLESTAD, NY 65680 f Employee’s address and ZIP code",93.67,,0.0,0.0,success,
w2_2026_000065_scan_mild_01,w2_2026_000065,w2,validation,mild,wages,money,"50,902.29","80,902.29)",50902.29,80902.29,False,87.5,53.0,enhanced,") 60,902.29",6.0,"80,902.29)",53.0,0.0,success,
w2_2026_000065_scan_mild_01,w2_2026_000065,w2,validation,mild,federal_tax_withheld,money,"11,109.14","49,109.14",11109.14,49109.14,False,75.0,34.0,baseline,"49,109.14",34.0,"$ 44,109.14",4.0,0.0,success,
w2_2026_000065_scan_mild_01,w2_2026_000065,w2,validation,mild,social_security_wages,money,"50,902.29","50,902.29",50902.29,50902.29,True,100.0,71.0,enhanced,"(- 50,902.29",18.5,"50,902.29",71.0,0.0,success,
w2_2026_000065_scan_mild_01,w2_2026_000065,w2,validation,mild,social_security_tax_withheld,money,"3,155.94","3,155.94",3155.94,3155.94,True,100.0,86.0,enhanced,"3,155.94",57.0,"3,155.94",86.0,0.0,success,
w2_2026_000065_scan_mild_01,w2_2026_000065,w2,validation,mild,medicare_wages,money,"50,902.29","50,902.29",50902.29,50902.29,True,100.0,78.0,enhanced,"50,902.29",26.0,"50,902.29",78.0,0.0,success,
w2_2026_000065_scan_mild_01,w2_2026_000065,w2,validation,mild,medicare_tax_withheld,money,738.08,738.08,738.08,738.08,True,100.0,96.0,baseline,738.08,96.0,,0.0,0.0,success,
w2_2026_000065_scan_mild_01,w2_2026_000065,w2,validation,mild,state,state,NY,NY,NY,NY,True,100.0,0.0,baseline,NY,0.0,I,14.0,0.0,success,
w2_2026_000065_scan_mild_01,w2_2026_000065,w2,validation,mild,employer_state_id,identifier,NY-9214801,NY9214801,NY9214801,NY9214801,True,100.0,0.0,baseline,NY9214801,0.0,N-,0.0,0.0,success,
w2_2026_000065_scan_mild_01,w2_2026_000065,w2,validation,mild,state_wages,money,"50,902.29","80,902.29",50902.29,80902.29,False,87.5,40.0,enhanced,"50,902.29",30.0,"80,902.29",40.0,0.0,success,
w2_2026_000065_scan_mild_01,w2_2026_000065,w2,validation,mild,state_income_tax,money,914.01,914.07,914.01,914.07,False,83.33,43.0,baseline,914.07,43.0,94.,0.0,0.0,success,
w2_2026_000077_scan_mild_01,w2_2026_000077,w2,validation,mild,employee_ssn,identifier,000-81-6992,000-81 6992 VVVUVIVUV,000816992,0008169921,False,94.74,45.33,baseline,000-81 6992 VVVUVIVUV,45.33,J--992 SSUUIAISCUUIILYMUT,0.0,-0.5,success,
w2_2026_000077_scan_mild_01,w2_2026_000077,w2,validation,mild,employer_ein,identifier,00-2515030,30-2515000 CNNMEIN,002515030,3025150001,False,73.68,0.0,enhanced,00-2815080- IUSHIUNCAUUTSFUIVEW,0.0,30-2515000 CNNMEIN,0.0,-0.5,success,
w2_2026_000077_scan_mild_01,w2_2026_000077,w2,validation,mild,employer_name_address,multiline,"PRICE, CARLSON AND ANDREWS
78282 ROBERTS FERRY SUITE 790
STEPHANIEFORT, DC 26076","G CUIPIVyS! o HAIG, QUUIGOD, au a Vwuwus PRICE, CARLSON AND ANDREWS 78282 ROBERTS FERRY SUITE 790 STEPHANIEFORT, DC 26076",PRICE CARLSON AND ANDREWS 78282 ROBERTS FERRY SUITE 790 STEPHANIEFORT DC 26076,G CUIPIVYS O HAIG QUUIGOD AU A VWUWUS PRICE CARLSON AND ANDREWS 78282 ROBERTS FERRY SUITE 790 STEPHANIEFORT DC 26076,False,80.41,71.3,baseline,"G CUIPIVyS! o HAIG, QUUIGOD, au a Vwuwus PRICE, CARLSON AND ANDREWS 78282 ROBERTS FERRY SUITE 790 STEPHANIEFORT, DC 26076",71.3,,0.0,-0.5,success,
w2_2026_000077_scan_mild_01,w2_2026_000077,w2,validation,mild,control_number,identifier,W2-2026-000077,W2-2026-000077,W22026000077,W22026000077,True,100.0,0.0,baseline,W2-2026-000077,0.0,W-2026-000077,0.0,-0.5,success,
w2_2026_000077_scan_mild_01,w2_2026_000077,w2,validation,mild,employee_first_name,text,DARYL L.,DARYL L.,DARYL L,DARYL L,True,100.0,85.5,baseline,DARYL L.,85.5,,0.0,-0.5,success,
w2_2026_000077_scan_mild_01,w2_2026_000077,w2,validation,mild,employee_last_name,text,STEELE,STEELE,STEELE,STEELE,True,100.0,96.0,baseline,STEELE,96.0,STEELE,96.0,-0.5,success,
w2_2026_000077_scan_mild_01,w2_2026_000077,w2,validation,mild,employee_address,multiline,"876 PERRY VILLE SUITE 721
PORT KATHLEENPORT, AZ 36526","876 PERRY VILLE SUITE 721 PORT KATHLEENPORT, AZ 36526 f Employee’s address and ZIP code",876 PERRY VILLE SUITE 721 PORT KATHLEENPORT AZ 36526,876 PERRY VILLE SUITE 721 PORT KATHLEENPORT AZ 36526 F EMPLOYEE S ADDRESS AND ZIP CODE,False,75.36,94.47,baseline,"876 PERRY VILLE SUITE 721 PORT KATHLEENPORT, AZ 36526 f Employee’s address and ZIP code",94.47,,0.0,-0.5,success,
w2_2026_000077_scan_mild_01,w2_2026_000077,w2,validation,mild,wages,money,"84,826.98",8482698,84826.98,8482698.00,False,77.78,41.0,baseline,8482698,41.0,"1,, 34826.98",0.0,-0.5,success,
w2_2026_000077_scan_mild_01,w2_2026_000077,w2,validation,mild,federal_tax_withheld,money,"17,701.46",17701 46,17701.46,1770146.00,False,77.78,35.0,enhanced,17-701 46,51.0,17701 46,35.0,-0.5,success,
w2_2026_000077_scan_mild_01,w2_2026_000077,w2,validation,mild,social_security_wages,money,"84,826.98","84,826.98",84826.98,84826.98,True,100.0,78.0,baseline,"84,826.98",78.0,,0.0,-0.5,success,
w2_2026_000077_scan_mild_01,w2_2026_000077,w2,validation,mild,social_security_tax_withheld,money,"5,259.27","5,259.27",5259.27,5259.27,True,100.0,56.0,baseline,"5,259.27",56.0,8259.27,50.0,-0.5,success,
w2_2026_000077_scan_mild_01,w2_2026_000077,w2,validation,mild,medicare_wages,money,"84,826.98","84,826.98",84826.98,84826.98,True,100.0,63.0,enhanced,"$6,826.98",0.0,"84,826.98",63.0,-0.5,success,
w2_2026_000077_scan_mild_01,w2_2026_000077,w2,validation,mild,medicare_tax_withheld,money,"1,229.99","1,229.99",1229.99,1229.99,True,100.0,76.0,enhanced,"8 1 229,99",34.67,"1,229.99",76.0,-0.5,success,
w2_2026_000077_scan_mild_01,w2_2026_000077,w2,validation,mild,state,state,AZ,AZ,AZ,AZ,True,100.0,45.0,baseline,AZ,45.0,ZI,0.0,-0.5,success,
w2_2026_000077_scan_mild_01,w2_2026_000077,w2,validation,mild,employer_state_id,identifier,AZ-8630043,Z060049,AZ8630043,Z060049,False,62.5,0.0,enhanced,J,0.0,Z060049,0.0,-0.5,success,
w2_2026_000077_scan_mild_01,w2_2026_000077,w2,validation,mild,state_wages,money,"84,826.98","84,826.98",84826.98,84826.98,True,100.0,19.0,enhanced,2826.98,2.0,"84,826.98",19.0,-0.5,success,
w2_2026_000077_scan_mild_01,w2_2026_000077,w2,validation,mild,state_income_tax,money,"2,582.26","2,982.26",2582.26,2982.26,False,85.71,33.0,baseline,"2,982.26",33.0,"2,582.26)",14.0,-0.5,success,
