quality,document_type,field_name,field_predictions,exact_match_rate,mean_similarity,mean_ocr_confidence
clean,1099_nec,account_number,27,1.0,100.0,91.0
clean,1099_nec,federal_income_tax_withheld,27,1.0,100.0,47.87
clean,1099_nec,nonemployee_compensation,27,0.9259,99.56,54.37
clean,1099_nec,payer_city,27,1.0,100.0,87.96
clean,1099_nec,payer_name,27,1.0,100.0,93.56
clean,1099_nec,payer_state,27,0.4074,79.14,23.81
clean,1099_nec,payer_street,27,1.0,100.0,95.75
clean,1099_nec,payer_tin,27,1.0,100.0,91.41
clean,1099_nec,payer_zip,27,0.5185,86.84,50.79
clean,1099_nec,recipient_city,27,0.963,99.84,93.3
clean,1099_nec,recipient_name,27,1.0,100.0,95.38
clean,1099_nec,recipient_state,27,0.037,65.43,27.15
clean,1099_nec,recipient_street,27,0.9259,99.7,95.19
clean,1099_nec,recipient_tin,27,1.0,100.0,91.37
clean,1099_nec,recipient_zip,27,0.0,34.82,34.95
clean,1099_nec,state_income,27,0.5926,95.53,10.41
clean,1099_nec,state_payer_number,27,0.0,41.91,1.33
clean,1099_nec,state_tax_withheld,27,0.1111,32.7,5.52
clean,w2,control_number,26,1.0,100.0,0.04
clean,w2,employee_address,26,0.0,71.36,94.7
clean,w2,employee_first_name,26,1.0,100.0,91.29
clean,w2,employee_last_name,26,1.0,100.0,95.96
clean,w2,employee_ssn,26,0.0,85.73,21.54
clean,w2,employer_ein,26,0.7692,97.89,4.42
clean,w2,employer_name_address,26,0.8462,99.2,92.18
clean,w2,employer_state_id,26,0.0769,79.15,2.92
clean,w2,federal_tax_withheld,26,0.1154,82.23,37.31
clean,w2,medicare_tax_withheld,26,1.0,100.0,87.92
clean,w2,medicare_wages,26,0.0769,70.48,18.88
clean,w2,social_security_tax_withheld,26,0.4615,88.68,31.23
clean,w2,social_security_wages,26,0.5769,90.83,38.19
clean,w2,state,26,0.7308,84.49,40.92
clean,w2,state_income_tax,26,0.5,89.69,40.38
clean,w2,state_wages,26,0.5,92.36,50.38
clean,w2,wages,26,0.5,92.3,46.23
hard,1099_nec,account_number,27,0.1111,35.51,15.19
hard,1099_nec,federal_income_tax_withheld,27,0.037,34.08,33.95
hard,1099_nec,nonemployee_compensation,27,0.5185,62.36,41.07
hard,1099_nec,payer_city,27,0.2222,44.8,40.6
hard,1099_nec,payer_name,27,0.1481,35.33,32.93
hard,1099_nec,payer_state,27,0.1481,35.03,11.63
hard,1099_nec,payer_street,27,0.5926,80.33,68.7
hard,1099_nec,payer_tin,27,0.7407,80.05,58.3
hard,1099_nec,payer_zip,27,0.0,24.4,31.04
hard,1099_nec,recipient_city,27,0.0741,26.27,20.87
hard,1099_nec,recipient_name,27,0.1111,28.82,28.37
hard,1099_nec,recipient_state,27,0.1111,38.52,18.5
hard,1099_nec,recipient_street,27,0.2963,53.22,43.79
hard,1099_nec,recipient_tin,27,0.3333,55.76,36.72
hard,1099_nec,recipient_zip,27,0.0,11.89,27.17
hard,1099_nec,state_income,27,0.3704,73.61,2.74
hard,1099_nec,state_payer_number,27,0.0,36.15,1.85
hard,1099_nec,state_tax_withheld,27,0.0741,37.49,4.74
hard,w2,control_number,26,0.0385,22.15,7.01
hard,w2,employee_address,26,0.0,63.6,75.11
hard,w2,employee_first_name,26,0.4231,81.77,62.13
hard,w2,employee_last_name,26,0.8846,94.9,90.46
hard,w2,employee_ssn,26,0.0385,39.29,8.38
hard,w2,employer_ein,26,0.0,14.7,5.97
hard,w2,employer_name_address,26,0.0,73.28,62.86
hard,w2,employer_state_id,26,0.0,10.59,2.98
hard,w2,federal_tax_withheld,26,0.2308,44.75,16.61
hard,w2,medicare_tax_withheld,26,0.2308,48.29,33.23
hard,w2,medicare_wages,26,0.1923,45.51,20.58
hard,w2,social_security_tax_withheld,26,0.3077,49.31,16.05
hard,w2,social_security_wages,26,0.4231,57.23,30.8
hard,w2,state,26,0.2308,27.56,19.69
hard,w2,state_income_tax,26,0.2308,62.62,24.06
hard,w2,state_wages,26,0.3462,68.47,23.87
hard,w2,wages,26,0.1923,60.95,23.38
mild,1099_nec,account_number,27,0.7778,85.59,35.7
mild,1099_nec,federal_income_tax_withheld,27,0.0741,44.74,33.74
mild,1099_nec,nonemployee_compensation,27,0.8519,88.15,63.14
mild,1099_nec,payer_city,27,0.8889,95.82,83.85
mild,1099_nec,payer_name,27,0.7037,88.27,72.8
mild,1099_nec,payer_state,27,0.0741,51.89,18.76
mild,1099_nec,payer_street,27,0.963,99.77,94.4
mild,1099_nec,payer_tin,27,1.0,100.0,88.76
mild,1099_nec,payer_zip,27,0.037,40.45,33.23
mild,1099_nec,recipient_city,27,0.7037,80.06,67.42
mild,1099_nec,recipient_name,27,0.7407,91.07,75.7
mild,1099_nec,recipient_state,27,0.037,45.33,13.87
mild,1099_nec,recipient_street,27,0.8889,91.44,84.18
mild,1099_nec,recipient_tin,27,0.8889,98.91,86.41
mild,1099_nec,recipient_zip,27,0.0,27.33,28.06
mild,1099_nec,state_income,27,0.4444,83.85,0.37
mild,1099_nec,state_payer_number,27,0.0741,70.12,3.3
mild,1099_nec,state_tax_withheld,27,0.0,22.38,0.0
mild,w2,control_number,26,0.3462,44.74,4.73
mild,w2,employee_address,26,0.0,68.29,88.16
mild,w2,employee_first_name,26,0.9615,99.36,87.74
mild,w2,employee_last_name,26,1.0,100.0,95.92
mild,w2,employee_ssn,26,0.0,53.99,5.99
mild,w2,employer_ein,26,0.0,20.67,8.79
mild,w2,employer_name_address,26,0.1154,78.18,67.74
mild,w2,employer_state_id,26,0.0,32.0,2.5
mild,w2,federal_tax_withheld,26,0.1923,74.07,30.3
mild,w2,medicare_tax_withheld,26,0.5,87.31,64.71
mild,w2,medicare_wages,26,0.6923,84.13,52.46
mild,w2,social_security_tax_withheld,26,0.5385,91.25,43.61
mild,w2,social_security_wages,26,0.2692,77.21,53.05
mild,w2,state,26,0.5769,74.36,32.85
mild,w2,state_income_tax,26,0.2308,55.49,16.85
mild,w2,state_wages,26,0.5,73.45,31.96
mild,w2,wages,26,0.2308,75.51,11.26
