document_id,ticker,company_name,sector,form,filing_date,report_date,accession_number,metrics_found,metrics_requested,completeness_rate,status,output_path,error,revenue_value,revenue_concept,revenue_unit,revenue_start_date,revenue_end_date,net_income_value,net_income_concept,net_income_unit,net_income_start_date,net_income_end_date,operating_income_value,operating_income_concept,operating_income_unit,operating_income_start_date,operating_income_end_date,total_assets_value,total_assets_concept,total_assets_unit,total_assets_start_date,total_assets_end_date,total_liabilities_value,total_liabilities_concept,total_liabilities_unit,total_liabilities_start_date,total_liabilities_end_date,stockholders_equity_value,stockholders_equity_concept,stockholders_equity_unit,stockholders_equity_start_date,stockholders_equity_end_date,cash_and_cash_equivalents_value,cash_and_cash_equivalents_concept,cash_and_cash_equivalents_unit,cash_and_cash_equivalents_start_date,cash_and_cash_equivalents_end_date
AAPL_10Q_0000320193-26-000013,AAPL,Apple Inc.,Technology,10-Q,2026-05-01,2026-03-28,0000320193-26-000013,7,7,1.0,complete,data\processed\sec_xbrl\AAPL\10-Q\0000320193-26-000013.json,,111184000000.0,RevenueFromContractWithCustomerExcludingAssessedTax,USD,2025-12-28,2026-03-28,29578000000.0,NetIncomeLoss,USD,2025-12-28,2026-03-28,35885000000.0,OperatingIncomeLoss,USD,2025-12-28,2026-03-28,371082000000.0,Assets,USD,,2026-03-28,264591000000.0,Liabilities,USD,,2026-03-28,106491000000.0,StockholdersEquity,USD,,2026-03-28,45572000000.0,CashAndCashEquivalentsAtCarryingValue,USD,,2026-03-28
AAPL_8K_0000320193-26-000011,AAPL,Apple Inc.,Technology,8-K,2026-04-30,2026-04-30,0000320193-26-000011,0,7,0.0,no_facts,data\processed\sec_xbrl\AAPL\8-K\0000320193-26-000011.json,,,,,,,,,,,,,,,,,,,,,,,,,,,,,,,,,,,,
AAPL_10K_0000320193-25-000079,AAPL,Apple Inc.,Technology,10-K,2025-10-31,2025-09-27,0000320193-25-000079,7,7,1.0,complete,data\processed\sec_xbrl\AAPL\10-K\0000320193-25-000079.json,,416161000000.0,RevenueFromContractWithCustomerExcludingAssessedTax,USD,2024-09-29,2025-09-27,112010000000.0,NetIncomeLoss,USD,2024-09-29,2025-09-27,133050000000.0,OperatingIncomeLoss,USD,2024-09-29,2025-09-27,359241000000.0,Assets,USD,,2025-09-27,285508000000.0,Liabilities,USD,,2025-09-27,73733000000.0,StockholdersEquity,USD,,2025-09-27,35934000000.0,CashAndCashEquivalentsAtCarryingValue,USD,,2025-09-27
MSFT_10K_0001193125-26-323660,MSFT,MICROSOFT CORP,Technology,10-K,2026-07-29,2026-06-30,0001193125-26-323660,7,7,1.0,complete,data\processed\sec_xbrl\MSFT\10-K\0001193125-26-323660.json,,331839000000.0,RevenueFromContractWithCustomerExcludingAssessedTax,USD,2025-07-01,2026-06-30,133749000000.0,NetIncomeLoss,USD,2025-07-01,2026-06-30,155237000000.0,OperatingIncomeLoss,USD,2025-07-01,2026-06-30,758376000000.0,Assets,USD,,2026-06-30,315989000000.0,Liabilities,USD,,2026-06-30,442387000000.0,StockholdersEquity,USD,,2026-06-30,20935000000.0,CashAndCashEquivalentsAtCarryingValue,USD,,2026-06-30
MSFT_8K_0001193125-26-323632,MSFT,MICROSOFT CORP,Technology,8-K,2026-07-29,2026-07-29,0001193125-26-323632,0,7,0.0,no_facts,data\processed\sec_xbrl\MSFT\8-K\0001193125-26-323632.json,,,,,,,,,,,,,,,,,,,,,,,,,,,,,,,,,,,,
MSFT_10Q_0001193125-26-191507,MSFT,MICROSOFT CORP,Technology,10-Q,2026-04-29,2026-03-31,0001193125-26-191507,7,7,1.0,complete,data\processed\sec_xbrl\MSFT\10-Q\0001193125-26-191507.json,,82886000000.0,RevenueFromContractWithCustomerExcludingAssessedTax,USD,2026-01-01,2026-03-31,31778000000.0,NetIncomeLoss,USD,2026-01-01,2026-03-31,38398000000.0,OperatingIncomeLoss,USD,2026-01-01,2026-03-31,694228000000.0,Assets,USD,,2026-03-31,279861000000.0,Liabilities,USD,,2026-03-31,414367000000.0,StockholdersEquity,USD,,2026-03-31,32105000000.0,CashAndCashEquivalentsAtCarryingValue,USD,,2026-03-31
NVDA_8K_0001045810-26-000060,NVDA,NVIDIA CORP,Technology,8-K,2026-07-02,2026-06-28,0001045810-26-000060,0,7,0.0,no_facts,data\processed\sec_xbrl\NVDA\8-K\0001045810-26-000060.json,,,,,,,,,,,,,,,,,,,,,,,,,,,,,,,,,,,,
NVDA_10Q_0001045810-26-000052,NVDA,NVIDIA CORP,Technology,10-Q,2026-05-20,2026-04-26,0001045810-26-000052,7,7,1.0,complete,data\processed\sec_xbrl\NVDA\10-Q\0001045810-26-000052.json,,81615000000.0,Revenues,USD,2026-01-26,2026-04-26,58321000000.0,NetIncomeLoss,USD,2026-01-26,2026-04-26,53536000000.0,OperatingIncomeLoss,USD,2026-01-26,2026-04-26,259474000000.0,Assets,USD,,2026-04-26,64000000000.0,Liabilities,USD,,2026-04-26,195474000000.0,StockholdersEquity,USD,,2026-04-26,13237000000.0,CashAndCashEquivalentsAtCarryingValue,USD,,2026-04-26
NVDA_10K_0001045810-26-000021,NVDA,NVIDIA CORP,Technology,10-K,2026-02-25,2026-01-25,0001045810-26-000021,7,7,1.0,complete,data\processed\sec_xbrl\NVDA\10-K\0001045810-26-000021.json,,215938000000.0,Revenues,USD,2025-01-27,2026-01-25,120067000000.0,NetIncomeLoss,USD,2025-01-27,2026-01-25,130387000000.0,OperatingIncomeLoss,USD,2025-01-27,2026-01-25,206803000000.0,Assets,USD,,2026-01-25,49510000000.0,Liabilities,USD,,2026-01-25,157293000000.0,StockholdersEquity,USD,,2026-01-25,10605000000.0,CashAndCashEquivalentsAtCarryingValue,USD,,2026-01-25
ORCL_10K_0001193125-26-277521,ORCL,ORACLE CORP,Technology,10-K,2026-06-22,2026-05-31,0001193125-26-277521,6,7,0.8571,partial,data\processed\sec_xbrl\ORCL\10-K\0001193125-26-277521.json,,67357000000.0,RevenueFromContractWithCustomerExcludingAssessedTax,USD,2025-06-01,2026-05-31,17087000000.0,NetIncomeLoss,USD,2025-06-01,2026-05-31,20606000000.0,OperatingIncomeLoss,USD,2025-06-01,2026-05-31,261759000000.0,Assets,USD,,2026-05-31,,,,,,42508000000.0,StockholdersEquity,USD,,2026-05-31,31289000000.0,CashAndCashEquivalentsAtCarryingValue,USD,,2026-05-31
ORCL_8K_0001193125-26-265848,ORCL,ORACLE CORP,Technology,8-K,2026-06-10,2026-06-10,0001193125-26-265848,0,7,0.0,no_facts,data\processed\sec_xbrl\ORCL\8-K\0001193125-26-265848.json,,,,,,,,,,,,,,,,,,,,,,,,,,,,,,,,,,,,
ORCL_10Q_0001193125-26-101045,ORCL,ORACLE CORP,Technology,10-Q,2026-03-11,2026-02-28,0001193125-26-101045,6,7,0.8571,partial,data\processed\sec_xbrl\ORCL\10-Q\0001193125-26-101045.json,,17190000000.0,RevenueFromContractWithCustomerExcludingAssessedTax,USD,2025-12-01,2026-02-28,3721000000.0,NetIncomeLoss,USD,2025-12-01,2026-02-28,5464000000.0,OperatingIncomeLoss,USD,2025-12-01,2026-02-28,245240000000.0,Assets,USD,,2026-02-28,,,,,,38495000000.0,StockholdersEquity,USD,,2026-02-28,38455000000.0,CashAndCashEquivalentsAtCarryingValue,USD,,2026-02-28
IBM_10Q_0000051143-26-000078,IBM,INTERNATIONAL BUSINESS MACHINES CORP,Technology,10-Q,2026-07-23,2026-06-30,0000051143-26-000078,6,7,0.8571,partial,data\processed\sec_xbrl\IBM\10-Q\0000051143-26-000078.json,,17162000000.0,Revenues,USD,2026-04-01,2026-06-30,2165000000.0,NetIncomeLoss,USD,2026-04-01,2026-06-30,,,,,,152099000000.0,Assets,USD,,2026-06-30,117558000000.0,Liabilities,USD,,2026-06-30,34452000000.0,StockholdersEquity,USD,,2026-06-30,7172000000.0,CashAndCashEquivalentsAtCarryingValue,USD,,2026-06-30
IBM_8K_0000051143-26-000077,IBM,INTERNATIONAL BUSINESS MACHINES CORP,Technology,8-K,2026-07-22,2026-07-22,0000051143-26-000077,0,7,0.0,no_facts,data\processed\sec_xbrl\IBM\8-K\0000051143-26-000077.json,,,,,,,,,,,,,,,,,,,,,,,,,,,,,,,,,,,,
IBM_10K_0000051143-26-000010,IBM,INTERNATIONAL BUSINESS MACHINES CORP,Technology,10-K,2026-02-24,2025-12-31,0000051143-26-000010,6,7,0.8571,partial,data\processed\sec_xbrl\IBM\10-K\0000051143-26-000010.json,,67535000000.0,Revenues,USD,2025-01-01,2025-12-31,10593000000.0,NetIncomeLoss,USD,2025-01-01,2025-12-31,,,,,,151880000000.0,Assets,USD,,2025-12-31,119139000000.0,Liabilities,USD,,2025-12-31,32648000000.0,StockholdersEquity,USD,,2025-12-31,13587000000.0,CashAndCashEquivalentsAtCarryingValue,USD,,2025-12-31
JPM_8K_0001193125-26-314128,JPM,JPMORGAN CHASE & CO,Financial Services,8-K,2026-07-23,2026-07-23,0001193125-26-314128,0,7,0.0,no_facts,data\processed\sec_xbrl\JPM\8-K\0001193125-26-314128.json,,,,,,,,,,,,,,,,,,,,,,,,,,,,,,,,,,,,
JPM_10Q_0001628280-26-029344,JPM,JPMORGAN CHASE & CO,Financial Services,10-Q,2026-05-01,2026-03-31,0001628280-26-029344,5,7,0.7143,partial,data\processed\sec_xbrl\JPM\10-Q\0001628280-26-029344.json,,,,,,,16494000000.0,NetIncomeLoss,USD,2026-01-01,2026-03-31,,,,,,4900475000000.0,Assets,USD,,2026-03-31,4536437000000.0,Liabilities,USD,,2026-03-31,364038000000.0,StockholdersEquity,USD,,2026-03-31,312142000000.0,CashCashEquivalentsRestrictedCashAndRestrictedCashEquivalents,USD,,2026-03-31
JPM_10K_0001628280-26-008131,JPM,JPMORGAN CHASE & CO,Financial Services,10-K,2026-02-13,2025-12-31,0001628280-26-008131,6,7,0.8571,partial,data\processed\sec_xbrl\JPM\10-K\0001628280-26-008131.json,,182447000000.0,Revenues,USD,2025-01-01,2025-12-31,57048000000.0,NetIncomeLoss,USD,2025-01-01,2025-12-31,,,,,,4424900000000.0,Assets,USD,,2025-12-31,4062462000000.0,Liabilities,USD,,2025-12-31,362438000000.0,StockholdersEquity,USD,,2025-12-31,343338000000.0,CashCashEquivalentsRestrictedCashAndRestrictedCashEquivalents,USD,,2025-12-31
BAC_8K_0000070858-26-000364,BAC,BANK OF AMERICA CORP /DE/,Financial Services,8-K,2026-07-24,2026-07-23,0000070858-26-000364,0,7,0.0,no_facts,data\processed\sec_xbrl\BAC\8-K\0000070858-26-000364.json,,,,,,,,,,,,,,,,,,,,,,,,,,,,,,,,,,,,
BAC_10Q_0000070858-26-000249,BAC,BANK OF AMERICA CORP /DE/,Financial Services,10-Q,2026-05-01,2026-03-31,0000070858-26-000249,6,7,0.8571,partial,data\processed\sec_xbrl\BAC\10-Q\0000070858-26-000249.json,,30272000000.0,Revenues,USD,2026-01-01,2026-03-31,8584000000.0,NetIncomeLoss,USD,2026-01-01,2026-03-31,,,,,,3496186000000.0,Assets,USD,,2026-03-31,3195518000000.0,Liabilities,USD,,2026-03-31,300668000000.0,StockholdersEquity,USD,,2026-03-31,242479000000.0,CashCashEquivalentsRestrictedCashAndRestrictedCashEquivalents,USD,,2026-03-31
BAC_10K_0000070858-26-000157,BAC,BANK OF AMERICA CORP /DE/,Financial Services,10-K,2026-02-25,2025-12-31,0000070858-26-000157,6,7,0.8571,partial,data\processed\sec_xbrl\BAC\10-K\0000070858-26-000157.json,,113097000000.0,Revenues,USD,2025-01-01,2025-12-31,30509000000.0,NetIncomeLoss,USD,2025-01-01,2025-12-31,,,,,,3411738000000.0,Assets,USD,,2025-12-31,3108495000000.0,Liabilities,USD,,2025-12-31,303243000000.0,StockholdersEquity,USD,,2025-12-31,231845000000.0,CashCashEquivalentsRestrictedCashAndRestrictedCashEquivalents,USD,,2025-12-31
GS_8K_0001193125-26-318147,GS,GOLDMAN SACHS GROUP INC,Financial Services,8-K,2026-07-27,2026-07-23,0001193125-26-318147,0,7,0.0,no_facts,data\processed\sec_xbrl\GS\8-K\0001193125-26-318147.json,,,,,,,,,,,,,,,,,,,,,,,,,,,,,,,,,,,,
GS_10Q_0000886982-26-000118,GS,GOLDMAN SACHS GROUP INC,Financial Services,10-Q,2026-05-01,2026-03-31,0000886982-26-000118,5,7,0.7143,partial,data\processed\sec_xbrl\GS\10-Q\0000886982-26-000118.json,,,,,,,5630000000.0,NetIncomeLoss,USD,2026-01-01,2026-03-31,,,,,,2060180000000.0,Assets,USD,,2026-03-31,1937398000000.0,Liabilities,USD,,2026-03-31,122782000000.0,StockholdersEquity,USD,,2026-03-31,179530000000.0,CashAndCashEquivalentsAtCarryingValue,USD,,2026-03-31
GS_10K_0000886982-26-000091,GS,GOLDMAN SACHS GROUP INC,Financial Services,10-K,2026-02-25,2025-12-31,0000886982-26-000091,5,7,0.7143,partial,data\processed\sec_xbrl\GS\10-K\0000886982-26-000091.json,,,,,,,17176000000.0,NetIncomeLoss,USD,2025-01-01,2025-12-31,,,,,,1809320000000.0,Assets,USD,,2025-12-31,1684348000000.0,Liabilities,USD,,2025-12-31,124972000000.0,StockholdersEquity,USD,,2025-12-31,164259000000.0,CashAndCashEquivalentsAtCarryingValue,USD,,2025-12-31
C_8K_0001104659-26-083383,C,CITIGROUP INC,Financial Services,8-K,2026-07-14,2026-07-14,0001104659-26-083383,0,7,0.0,no_facts,data\processed\sec_xbrl\C\8-K\0001104659-26-083383.json,,,,,,,,,,,,,,,,,,,,,,,,,,,,,,,,,,,,
C_10Q_0000831001-26-000019,C,CITIGROUP INC,Financial Services,10-Q,2026-05-07,2026-03-31,0000831001-26-000019,0,7,0.0,no_facts,data\processed\sec_xbrl\C\10-Q\0000831001-26-000019.json,,,,,,,,,,,,,,,,,,,,,,,,,,,,,,,,,,,,
C_10K_0000831001-26-000011,C,CITIGROUP INC,Financial Services,10-K,2026-02-20,2025-12-31,0000831001-26-000011,6,7,0.8571,partial,data\processed\sec_xbrl\C\10-K\0000831001-26-000011.json,,85225000000.0,Revenues,USD,2025-01-01,2025-12-31,14306000000.0,NetIncomeLoss,USD,2025-01-01,2025-12-31,,,,,,2657202000000.0,Assets,USD,,2025-12-31,2443380000000.0,Liabilities,USD,,2025-12-31,212291000000.0,StockholdersEquity,USD,,2025-12-31,349579000000.0,CashCashEquivalentsRestrictedCashAndRestrictedCashEquivalents,USD,,2025-12-31
V_10Q_0001403161-26-000104,V,VISA INC.,Financial Services,10-Q,2026-07-29,2026-06-30,0001403161-26-000104,0,7,0.0,no_facts,data\processed\sec_xbrl\V\10-Q\0001403161-26-000104.json,,,,,,,,,,,,,,,,,,,,,,,,,,,,,,,,,,,,
V_8K_0001403161-26-000103,V,VISA INC.,Financial Services,8-K,2026-07-28,2026-07-28,0001403161-26-000103,0,7,0.0,no_facts,data\processed\sec_xbrl\V\8-K\0001403161-26-000103.json,,,,,,,,,,,,,,,,,,,,,,,,,,,,,,,,,,,,
V_10K_0001403161-25-000089,V,VISA INC.,Financial Services,10-K,2025-11-06,2025-09-30,0001403161-25-000089,7,7,1.0,complete,data\processed\sec_xbrl\V\10-K\0001403161-25-000089.json,,40000000000.0,RevenueFromContractWithCustomerExcludingAssessedTax,USD,2024-10-01,2025-09-30,20058000000.0,NetIncomeLoss,USD,2024-10-01,2025-09-30,23994000000.0,OperatingIncomeLoss,USD,2024-10-01,2025-09-30,99627000000.0,Assets,USD,,2025-09-30,61718000000.0,Liabilities,USD,,2025-09-30,37909000000.0,StockholdersEquityIncludingPortionAttributableToNoncontrollingInterest,USD,,2025-09-30,17164000000.0,CashAndCashEquivalentsAtCarryingValue,USD,,2025-09-30
WMT_8K_0000104169-26-000111,WMT,Walmart Inc.,Retail and Consumer,8-K,2026-06-05,2026-06-04,0000104169-26-000111,0,7,0.0,no_facts,data\processed\sec_xbrl\WMT\8-K\0000104169-26-000111.json,,,,,,,,,,,,,,,,,,,,,,,,,,,,,,,,,,,,
WMT_10Q_0000104169-26-000102,WMT,Walmart Inc.,Retail and Consumer,10-Q,2026-05-29,2026-04-30,0000104169-26-000102,6,7,0.8571,partial,data\processed\sec_xbrl\WMT\10-Q\0000104169-26-000102.json,,175684000000.0,RevenueFromContractWithCustomerExcludingAssessedTax,USD,2026-02-01,2026-04-30,5330000000.0,NetIncomeLoss,USD,2026-02-01,2026-04-30,7493000000.0,OperatingIncomeLoss,USD,2026-02-01,2026-04-30,289607000000.0,Assets,USD,,2026-04-30,,,,,,94330000000.0,StockholdersEquity,USD,,2026-04-30,10729000000.0,CashAndCashEquivalentsAtCarryingValue,USD,,2026-04-30
WMT_10K_0000104169-26-000055,WMT,Walmart Inc.,Retail and Consumer,10-K,2026-03-13,2026-01-31,0000104169-26-000055,6,7,0.8571,partial,data\processed\sec_xbrl\WMT\10-K\0000104169-26-000055.json,,706413000000.0,RevenueFromContractWithCustomerExcludingAssessedTax,USD,2025-02-01,2026-01-31,21893000000.0,NetIncomeLoss,USD,2025-02-01,2026-01-31,29825000000.0,OperatingIncomeLoss,USD,2025-02-01,2026-01-31,284668000000.0,Assets,USD,,2026-01-31,,,,,,99617000000.0,StockholdersEquity,USD,,2026-01-31,10727000000.0,CashAndCashEquivalentsAtCarryingValue,USD,,2026-01-31
COST_8K_0000909832-26-000060,COST,COSTCO WHOLESALE CORP /NEW,Retail and Consumer,8-K,2026-07-08,2026-07-07,0000909832-26-000060,0,7,0.0,no_facts,data\processed\sec_xbrl\COST\8-K\0000909832-26-000060.json,,,,,,,,,,,,,,,,,,,,,,,,,,,,,,,,,,,,
COST_10Q_0000909832-26-000051,COST,COSTCO WHOLESALE CORP /NEW,Retail and Consumer,10-Q,2026-06-03,2026-05-10,0000909832-26-000051,7,7,1.0,complete,data\processed\sec_xbrl\COST\10-Q\0000909832-26-000051.json,,70527000000.0,RevenueFromContractWithCustomerExcludingAssessedTax,USD,2026-02-16,2026-05-10,2192000000.0,NetIncomeLoss,USD,2026-02-16,2026-05-10,2815000000.0,OperatingIncomeLoss,USD,2026-02-16,2026-05-10,86430000000.0,Assets,USD,,2026-05-10,52921000000.0,Liabilities,USD,,2026-05-10,33509000000.0,StockholdersEquity,USD,,2026-05-10,18946000000.0,CashAndCashEquivalentsAtCarryingValue,USD,,2026-05-10
COST_10K_0000909832-25-000101,COST,COSTCO WHOLESALE CORP /NEW,Retail and Consumer,10-K,2025-10-08,2025-08-31,0000909832-25-000101,7,7,1.0,complete,data\processed\sec_xbrl\COST\10-K\0000909832-25-000101.json,,275235000000.0,RevenueFromContractWithCustomerExcludingAssessedTax,USD,2024-09-02,2025-08-31,8099000000.0,NetIncomeLoss,USD,2024-09-02,2025-08-31,10383000000.0,OperatingIncomeLoss,USD,2024-09-02,2025-08-31,77099000000.0,Assets,USD,,2025-08-31,47935000000.0,Liabilities,USD,,2025-08-31,29164000000.0,StockholdersEquity,USD,,2025-08-31,14161000000.0,CashAndCashEquivalentsAtCarryingValue,USD,,2025-08-31
HD_10Q_0001628280-26-038247,HD,"HOME DEPOT, INC.",Retail and Consumer,10-Q,2026-05-27,2026-05-03,0001628280-26-038247,7,7,1.0,complete,data\processed\sec_xbrl\HD\10-Q\0001628280-26-038247.json,,41765000000.0,RevenueFromContractWithCustomerExcludingAssessedTax,USD,2026-02-02,2026-05-03,3289000000.0,NetIncomeLoss,USD,2026-02-02,2026-05-03,4981000000.0,OperatingIncomeLoss,USD,2026-02-02,2026-05-03,107904000000.0,Assets,USD,,2026-05-03,94030000000.0,Liabilities,USD,,2026-05-03,13874000000.0,StockholdersEquity,USD,,2026-05-03,1601000000.0,CashAndCashEquivalentsAtCarryingValue,USD,,2026-05-03
HD_8K_0000354950-26-000105,HD,"HOME DEPOT, INC.",Retail and Consumer,8-K,2026-05-26,2026-05-21,0000354950-26-000105,0,7,0.0,no_facts,data\processed\sec_xbrl\HD\8-K\0000354950-26-000105.json,,,,,,,,,,,,,,,,,,,,,,,,,,,,,,,,,,,,
HD_10K_0001628280-26-019436,HD,"HOME DEPOT, INC.",Retail and Consumer,10-K,2026-03-18,2026-02-01,0001628280-26-019436,7,7,1.0,complete,data\processed\sec_xbrl\HD\10-K\0001628280-26-019436.json,,164683000000.0,RevenueFromContractWithCustomerExcludingAssessedTax,USD,2025-02-03,2026-02-01,14156000000.0,NetIncomeLoss,USD,2025-02-03,2026-02-01,20890000000.0,OperatingIncomeLoss,USD,2025-02-03,2026-02-01,105095000000.0,Assets,USD,,2026-02-01,92282000000.0,Liabilities,USD,,2026-02-01,12813000000.0,StockholdersEquity,USD,,2026-02-01,1389000000.0,CashAndCashEquivalentsAtCarryingValue,USD,,2026-02-01
NKE_10K_0000320187-26-000088,NKE,"NIKE, Inc.",Retail and Consumer,10-K,2026-07-15,2026-05-31,0000320187-26-000088,5,7,0.7143,partial,data\processed\sec_xbrl\NKE\10-K\0000320187-26-000088.json,,46398000000.0,RevenueFromContractWithCustomerExcludingAssessedTax,USD,2025-06-01,2026-05-31,3108000000.0,NetIncomeLoss,USD,2025-06-01,2026-05-31,,,,,,38410000000.0,Assets,USD,,2026-05-31,,,,,,14865000000.0,StockholdersEquity,USD,,2026-05-31,7563000000.0,CashAndCashEquivalentsAtCarryingValue,USD,,2026-05-31
NKE_8K_0000320187-26-000076,NKE,"NIKE, Inc.",Retail and Consumer,8-K,2026-06-30,2026-06-30,0000320187-26-000076,0,7,0.0,no_facts,data\processed\sec_xbrl\NKE\8-K\0000320187-26-000076.json,,,,,,,,,,,,,,,,,,,,,,,,,,,,,,,,,,,,
NKE_10Q_0000320187-26-000037,NKE,"NIKE, Inc.",Retail and Consumer,10-Q,2026-04-01,2026-02-28,0000320187-26-000037,5,7,0.7143,partial,data\processed\sec_xbrl\NKE\10-Q\0000320187-26-000037.json,,11279000000.0,RevenueFromContractWithCustomerExcludingAssessedTax,USD,2025-12-01,2026-02-28,520000000.0,NetIncomeLoss,USD,2025-12-01,2026-02-28,,,,,,37064000000.0,Assets,USD,,2026-02-28,,,,,,14090000000.0,StockholdersEquity,USD,,2026-02-28,6660000000.0,CashAndCashEquivalentsAtCarryingValue,USD,,2026-02-28
MCD_8K_0000063908-26-000055,MCD,MCDONALDS CORP,Retail and Consumer,8-K,2026-05-22,2026-05-20,0000063908-26-000055,0,7,0.0,no_facts,data\processed\sec_xbrl\MCD\8-K\0000063908-26-000055.json,,,,,,,,,,,,,,,,,,,,,,,,,,,,,,,,,,,,
MCD_10Q_0000063908-26-000051,MCD,MCDONALDS CORP,Retail and Consumer,10-Q,2026-05-07,2026-03-31,0000063908-26-000051,6,7,0.8571,partial,data\processed\sec_xbrl\MCD\10-Q\0000063908-26-000051.json,,6517000000.0,Revenues,USD,2026-01-01,2026-03-31,1983000000.0,NetIncomeLoss,USD,2026-01-01,2026-03-31,2953000000.0,OperatingIncomeLoss,USD,2026-01-01,2026-03-31,60037000000.0,Assets,USD,,2026-03-31,,,,,,-1286000000.0,StockholdersEquity,USD,,2026-03-31,1170000000.0,CashAndCashEquivalentsAtCarryingValue,USD,,2026-03-31
MCD_10K_0000063908-26-000035,MCD,MCDONALDS CORP,Retail and Consumer,10-K,2026-02-24,2025-12-31,0000063908-26-000035,6,7,0.8571,partial,data\processed\sec_xbrl\MCD\10-K\0000063908-26-000035.json,,26885000000.0,Revenues,USD,2025-01-01,2025-12-31,8563000000.0,NetIncomeLoss,USD,2025-01-01,2025-12-31,12393000000.0,OperatingIncomeLoss,USD,2025-01-01,2025-12-31,59515000000.0,Assets,USD,,2025-12-31,,,,,,-1791000000.0,StockholdersEquity,USD,,2025-12-31,774000000.0,CashAndCashEquivalentsAtCarryingValue,USD,,2025-12-31
JNJ_8K_0000200406-26-000163,JNJ,JOHNSON & JOHNSON,Healthcare,8-K,2026-07-29,2026-07-29,0000200406-26-000163,0,7,0.0,no_facts,data\processed\sec_xbrl\JNJ\8-K\0000200406-26-000163.json,,,,,,,,,,,,,,,,,,,,,,,,,,,,,,,,,,,,
JNJ_10Q_0000200406-26-000153,JNJ,JOHNSON & JOHNSON,Healthcare,10-Q,2026-07-23,2026-06-28,0000200406-26-000153,6,7,0.8571,partial,data\processed\sec_xbrl\JNJ\10-Q\0000200406-26-000153.json,,25310000000.0,RevenueFromContractWithCustomerExcludingAssessedTax,USD,2026-03-30,2026-06-28,5534000000.0,NetIncomeLoss,USD,2026-03-30,2026-06-28,,,,,,201061000000.0,Assets,USD,,2026-06-28,116090000000.0,Liabilities,USD,,2026-06-28,84971000000.0,StockholdersEquity,USD,,2026-06-28,20422000000.0,CashAndCashEquivalentsAtCarryingValue,USD,,2026-06-28
JNJ_10K_0000200406-26-000016,JNJ,JOHNSON & JOHNSON,Healthcare,10-K,2026-02-11,2025-12-28,0000200406-26-000016,6,7,0.8571,partial,data\processed\sec_xbrl\JNJ\10-K\0000200406-26-000016.json,,94193000000.0,RevenueFromContractWithCustomerExcludingAssessedTax,USD,2024-12-30,2025-12-28,26804000000.0,NetIncomeLoss,USD,2024-12-30,2025-12-28,,,,,,199210000000.0,Assets,USD,,2025-12-28,117666000000.0,Liabilities,USD,,2025-12-28,81544000000.0,StockholdersEquityIncludingPortionAttributableToNoncontrollingInterest,USD,,2025-12-28,19709000000.0,CashAndCashEquivalentsAtCarryingValue,USD,,2025-12-28
PFE_8K_0000078003-26-000087,PFE,PFIZER INC,Healthcare,8-K,2026-06-18,2026-06-18,0000078003-26-000087,0,7,0.0,no_facts,data\processed\sec_xbrl\PFE\8-K\0000078003-26-000087.json,,,,,,,,,,,,,,,,,,,,,,,,,,,,,,,,,,,,
PFE_10Q_0000078003-26-000054,PFE,PFIZER INC,Healthcare,10-Q,2026-05-05,2026-03-29,0000078003-26-000054,6,7,0.8571,partial,data\processed\sec_xbrl\PFE\10-Q\0000078003-26-000054.json,,14451000000.0,Revenues,USD,2026-01-01,2026-03-29,2687000000.0,NetIncomeLoss,USD,2026-01-01,2026-03-29,,,,,,207618000000.0,Assets,USD,,2026-03-29,117214000000.0,Liabilities,USD,,2026-03-29,90101000000.0,StockholdersEquity,USD,,2026-03-29,1703000000.0,CashAndCashEquivalentsAtCarryingValue,USD,,2026-03-29
PFE_10K_0000078003-26-000026,PFE,PFIZER INC,Healthcare,10-K,2026-02-26,2025-12-31,0000078003-26-000026,6,7,0.8571,partial,data\processed\sec_xbrl\PFE\10-K\0000078003-26-000026.json,,62579000000.0,Revenues,USD,2025-01-01,2025-12-31,7771000000.0,NetIncomeLoss,USD,2025-01-01,2025-12-31,,,,,,208160000000.0,Assets,USD,,2025-12-31,121385000000.0,Liabilities,USD,,2025-12-31,86476000000.0,StockholdersEquity,USD,,2025-12-31,1142000000.0,CashAndCashEquivalentsAtCarryingValue,USD,,2025-12-31
UNH_8K_0000731766-26-000191,UNH,UNITEDHEALTH GROUP INC,Healthcare,8-K,2026-07-16,2026-07-16,0000731766-26-000191,0,7,0.0,no_facts,data\processed\sec_xbrl\UNH\8-K\0000731766-26-000191.json,,,,,,,,,,,,,,,,,,,,,,,,,,,,,,,,,,,,
UNH_10Q_0000731766-26-000127,UNH,UNITEDHEALTH GROUP INC,Healthcare,10-Q,2026-05-05,2026-03-31,0000731766-26-000127,7,7,1.0,complete,data\processed\sec_xbrl\UNH\10-Q\0000731766-26-000127.json,,111721000000.0,Revenues,USD,2026-01-01,2026-03-31,6280000000.0,NetIncomeLoss,USD,2026-01-01,2026-03-31,8990000000.0,OperatingIncomeLoss,USD,2026-01-01,2026-03-31,312644000000.0,Assets,USD,,2026-03-31,207325000000.0,Liabilities,USD,,2026-03-31,103895000000.0,StockholdersEquityIncludingPortionAttributableToNoncontrollingInterest,USD,,2026-03-31,28001000000.0,CashAndCashEquivalentsAtCarryingValue,USD,,2026-03-31
UNH_10K_0000731766-26-000062,UNH,UNITEDHEALTH GROUP INC,Healthcare,10-K,2026-03-02,2025-12-31,0000731766-26-000062,7,7,1.0,complete,data\processed\sec_xbrl\UNH\10-K\0000731766-26-000062.json,,447567000000.0,Revenues,USD,2025-01-01,2025-12-31,12056000000.0,NetIncomeLoss,USD,2025-01-01,2025-12-31,18964000000.0,OperatingIncomeLoss,USD,2025-01-01,2025-12-31,309581000000.0,Assets,USD,,2025-12-31,207883000000.0,Liabilities,USD,,2025-12-31,100090000000.0,StockholdersEquityIncludingPortionAttributableToNoncontrollingInterest,USD,,2025-12-31,24365000000.0,CashAndCashEquivalentsAtCarryingValue,USD,,2025-12-31
ABT_10Q_0001628280-26-050134,ABT,ABBOTT LABORATORIES,Healthcare,10-Q,2026-07-28,2026-06-30,0001628280-26-050134,0,7,0.0,no_facts,data\processed\sec_xbrl\ABT\10-Q\0001628280-26-050134.json,,,,,,,,,,,,,,,,,,,,,,,,,,,,,,,,,,,,
ABT_8K_0001628280-26-048377,ABT,ABBOTT LABORATORIES,Healthcare,8-K,2026-07-16,2026-07-16,0001628280-26-048377,0,7,0.0,no_facts,data\processed\sec_xbrl\ABT\8-K\0001628280-26-048377.json,,,,,,,,,,,,,,,,,,,,,,,,,,,,,,,,,,,,
ABT_10K_0001628280-26-010185,ABT,ABBOTT LABORATORIES,Healthcare,10-K,2026-02-20,2025-12-31,0001628280-26-010185,6,7,0.8571,partial,data\processed\sec_xbrl\ABT\10-K\0001628280-26-010185.json,,44328000000.0,RevenueFromContractWithCustomerExcludingAssessedTax,USD,2025-01-01,2025-12-31,6524000000.0,NetIncomeLoss,USD,2025-01-01,2025-12-31,8053000000.0,OperatingIncomeLoss,USD,2025-01-01,2025-12-31,86713000000.0,Assets,USD,,2025-12-31,,,,,,52130000000.0,StockholdersEquity,USD,,2025-12-31,8522000000.0,CashAndCashEquivalentsAtCarryingValue,USD,,2025-12-31
MRK_8K_0001104659-26-067509,MRK,"Merck & Co., Inc.",Healthcare,8-K,2026-05-28,2026-05-26,0001104659-26-067509,0,7,0.0,no_facts,data\processed\sec_xbrl\MRK\8-K\0001104659-26-067509.json,,,,,,,,,,,,,,,,,,,,,,,,,,,,,,,,,,,,
MRK_10Q_0001628280-26-029802,MRK,"Merck & Co., Inc.",Healthcare,10-Q,2026-05-04,2026-03-31,0001628280-26-029802,5,7,0.7143,partial,data\processed\sec_xbrl\MRK\10-Q\0001628280-26-029802.json,,16286000000.0,Revenues,USD,2026-01-01,2026-03-31,-4240000000.0,NetIncomeLoss,USD,2026-01-01,2026-03-31,,,,,,128685000000.0,Assets,USD,,2026-03-31,,,,,,45878000000.0,StockholdersEquity,USD,,2026-03-31,5327000000.0,CashAndCashEquivalentsAtCarryingValue,USD,,2026-03-31
MRK_10K_0000310158-26-000063,MRK,"Merck & Co., Inc.",Healthcare,10-K,2026-02-24,2025-12-31,0000310158-26-000063,5,7,0.7143,partial,data\processed\sec_xbrl\MRK\10-K\0000310158-26-000063.json,,65011000000.0,Revenues,USD,2025-01-01,2025-12-31,18254000000.0,NetIncomeLoss,USD,2025-01-01,2025-12-31,,,,,,136866000000.0,Assets,USD,,2025-12-31,,,,,,52606000000.0,StockholdersEquity,USD,,2025-12-31,14565000000.0,CashAndCashEquivalentsAtCarryingValue,USD,,2025-12-31
XOM_8K_0002115436-26-000003,XOM,ExxonMobil Holdings Corp,Energy,8-K,2026-07-07,2026-07-07,0002115436-26-000003,0,7,0.0,no_facts,data\processed\sec_xbrl\XOM\8-K\0002115436-26-000003.json,,,,,,,,,,,,,,,,,,,,,,,,,,,,,,,,,,,,
CVX_8K_0000093410-26-000125,CVX,CHEVRON CORP,Energy,8-K,2026-05-29,2026-05-27,0000093410-26-000125,0,7,0.0,no_facts,data\processed\sec_xbrl\CVX\8-K\0000093410-26-000125.json,,,,,,,,,,,,,,,,,,,,,,,,,,,,,,,,,,,,
CVX_10Q_0000093410-26-000113,CVX,CHEVRON CORP,Energy,10-Q,2026-05-07,2026-03-31,0000093410-26-000113,6,7,0.8571,partial,data\processed\sec_xbrl\CVX\10-Q\0000093410-26-000113.json,,47556000000.0,RevenueFromContractWithCustomerExcludingAssessedTax,USD,2026-01-01,2026-03-31,2210000000.0,NetIncomeLoss,USD,2026-01-01,2026-03-31,,,,,,329551000000.0,Assets,USD,,2026-03-31,140180000000.0,Liabilities,USD,,2026-03-31,183715000000.0,StockholdersEquity,USD,,2026-03-31,6316000000.0,CashCashEquivalentsRestrictedCashAndRestrictedCashEquivalents,USD,,2026-03-31
CVX_10K_0000093410-26-000078,CVX,CHEVRON CORP,Energy,10-K,2026-02-24,2025-12-31,0000093410-26-000078,6,7,0.8571,partial,data\processed\sec_xbrl\CVX\10-K\0000093410-26-000078.json,,184432000000.0,RevenueFromContractWithCustomerExcludingAssessedTax,USD,2025-01-01,2025-12-31,12299000000.0,NetIncomeLoss,USD,2025-01-01,2025-12-31,,,,,,324012000000.0,Assets,USD,,2025-12-31,131836000000.0,Liabilities,USD,,2025-12-31,186450000000.0,StockholdersEquity,USD,,2025-12-31,7285000000.0,CashCashEquivalentsRestrictedCashAndRestrictedCashEquivalents,USD,,2025-12-31
COP_8K_0001104659-26-076836,COP,CONOCOPHILLIPS,Energy,8-K,2026-06-23,2026-06-23,0001104659-26-076836,0,7,0.0,no_facts,data\processed\sec_xbrl\COP\8-K\0001104659-26-076836.json,,,,,,,,,,,,,,,,,,,,,,,,,,,,,,,,,,,,
COP_10Q_0001163165-26-000018,COP,CONOCOPHILLIPS,Energy,10-Q,2026-04-30,2026-03-31,0001163165-26-000018,6,7,0.8571,partial,data\processed\sec_xbrl\COP\10-Q\0001163165-26-000018.json,,13500000000.0,RevenueFromContractWithCustomerExcludingAssessedTax,USD,2026-01-01,2026-03-31,2183000000.0,NetIncomeLoss,USD,2026-01-01,2026-03-31,,,,,,122725000000.0,Assets,USD,,2026-03-31,58184000000.0,Liabilities,USD,,2026-03-31,64541000000.0,StockholdersEquity,USD,,2026-03-31,5877000000.0,CashAndCashEquivalentsAtCarryingValue,USD,,2026-03-31
COP_10K_0001163165-26-000009,COP,CONOCOPHILLIPS,Energy,10-K,2026-02-17,2025-12-31,0001163165-26-000009,6,7,0.8571,partial,data\processed\sec_xbrl\COP\10-K\0001163165-26-000009.json,,51824000000.0,RevenueFromContractWithCustomerExcludingAssessedTax,USD,2025-01-01,2025-12-31,7988000000.0,NetIncomeLoss,USD,2025-01-01,2025-12-31,,,,,,121939000000.0,Assets,USD,,2025-12-31,57452000000.0,Liabilities,USD,,2025-12-31,64487000000.0,StockholdersEquity,USD,,2025-12-31,6497000000.0,CashAndCashEquivalentsAtCarryingValue,USD,,2025-12-31
SLB_10Q_0001193125-26-322595,SLB,SLB LIMITED/NV,Energy,10-Q,2026-07-29,2026-06-30,0001193125-26-322595,0,7,0.0,no_facts,data\processed\sec_xbrl\SLB\10-Q\0001193125-26-322595.json,,,,,,,,,,,,,,,,,,,,,,,,,,,,,,,,,,,,
SLB_8K_0001193125-26-315068,SLB,SLB LIMITED/NV,Energy,8-K,2026-07-24,2026-07-24,0001193125-26-315068,0,7,0.0,no_facts,data\processed\sec_xbrl\SLB\8-K\0001193125-26-315068.json,,,,,,,,,,,,,,,,,,,,,,,,,,,,,,,,,,,,
SLB_10K_0001193125-26-021017,SLB,SLB LIMITED/NV,Energy,10-K,2026-01-23,2025-12-31,0001193125-26-021017,5,7,0.7143,partial,data\processed\sec_xbrl\SLB\10-K\0001193125-26-021017.json,,35708000000.0,RevenueFromContractWithCustomerExcludingAssessedTax,USD,2025-01-01,2025-12-31,3374000000.0,NetIncomeLoss,USD,2025-01-01,2025-12-31,,,,,,54868000000.0,Assets,USD,,2025-12-31,27577000000.0,Liabilities,USD,,2025-12-31,26109000000.0,StockholdersEquity,USD,,2025-12-31,,,,,
EOG_8K_0000821189-26-000140,EOG,EOG RESOURCES INC,Energy,8-K,2026-07-09,2026-07-09,0000821189-26-000140,0,7,0.0,no_facts,data\processed\sec_xbrl\EOG\8-K\0000821189-26-000140.json,,,,,,,,,,,,,,,,,,,,,,,,,,,,,,,,,,,,
EOG_10Q_0000821189-26-000104,EOG,EOG RESOURCES INC,Energy,10-Q,2026-05-05,2026-03-31,0000821189-26-000104,6,7,0.8571,partial,data\processed\sec_xbrl\EOG\10-Q\0000821189-26-000104.json,,6921000000.0,Revenues,USD,2026-01-01,2026-03-31,1980000000.0,NetIncomeLoss,USD,2026-01-01,2026-03-31,2598000000.0,OperatingIncomeLoss,USD,2026-01-01,2026-03-31,53378000000.0,Assets,USD,,2026-03-31,,,,,,30908000000.0,StockholdersEquity,USD,,2026-03-31,3849000000.0,CashAndCashEquivalentsAtCarryingValue,USD,,2026-03-31
EOG_10K_0000821189-26-000054,EOG,EOG RESOURCES INC,Energy,10-K,2026-02-24,2025-12-31,0000821189-26-000054,6,7,0.8571,partial,data\processed\sec_xbrl\EOG\10-K\0000821189-26-000054.json,,22632000000.0,Revenues,USD,2025-01-01,2025-12-31,4980000000.0,NetIncomeLoss,USD,2025-01-01,2025-12-31,6385000000.0,OperatingIncomeLoss,USD,2025-01-01,2025-12-31,51799000000.0,Assets,USD,,2025-12-31,,,,,,29833000000.0,StockholdersEquity,USD,,2025-12-31,3396000000.0,CashAndCashEquivalentsAtCarryingValue,USD,,2025-12-31
CAT_8K_0001104659-26-072929,CAT,CATERPILLAR INC,Industrial,8-K,2026-06-11,2026-06-10,0001104659-26-072929,0,7,0.0,no_facts,data\processed\sec_xbrl\CAT\8-K\0001104659-26-072929.json,,,,,,,,,,,,,,,,,,,,,,,,,,,,,,,,,,,,
CAT_10Q_0000018230-26-000021,CAT,CATERPILLAR INC,Industrial,10-Q,2026-05-06,2026-03-31,0000018230-26-000021,7,7,1.0,complete,data\processed\sec_xbrl\CAT\10-Q\0000018230-26-000021.json,,17415000000.0,Revenues,USD,2026-01-01,2026-03-31,2548000000.0,ProfitLoss,USD,2026-01-01,2026-03-31,3085000000.0,OperatingIncomeLoss,USD,2026-01-01,2026-03-31,95550000000.0,Assets,USD,,2026-03-31,76890000000.0,Liabilities,USD,,2026-03-31,18660000000.0,StockholdersEquityIncludingPortionAttributableToNoncontrollingInterest,USD,,2026-03-31,4072000000.0,CashAndCashEquivalentsAtCarryingValue,USD,,2026-03-31
CAT_10K_0000018230-26-000008,CAT,CATERPILLAR INC,Industrial,10-K,2026-02-13,2025-12-31,0000018230-26-000008,7,7,1.0,complete,data\processed\sec_xbrl\CAT\10-K\0000018230-26-000008.json,,67589000000.0,Revenues,USD,2025-01-01,2025-12-31,8882000000.0,ProfitLoss,USD,2025-01-01,2025-12-31,11151000000.0,OperatingIncomeLoss,USD,2025-01-01,2025-12-31,98585000000.0,Assets,USD,,2025-12-31,77267000000.0,Liabilities,USD,,2025-12-31,21318000000.0,StockholdersEquityIncludingPortionAttributableToNoncontrollingInterest,USD,,2025-12-31,9980000000.0,CashAndCashEquivalentsAtCarryingValue,USD,,2025-12-31
BA_10Q_0001628280-26-050038,BA,BOEING CO,Industrial,10-Q,2026-07-28,2026-06-30,0001628280-26-050038,7,7,1.0,complete,data\processed\sec_xbrl\BA\10-Q\0001628280-26-050038.json,,24560000000.0,Revenues,USD,2026-04-01,2026-06-30,-444000000.0,NetIncomeLoss,USD,2026-04-01,2026-06-30,156000000.0,OperatingIncomeLoss,USD,2026-04-01,2026-06-30,165870000000.0,Assets,USD,,2026-06-30,159755000000.0,Liabilities,USD,,2026-06-30,6100000000.0,StockholdersEquity,USD,,2026-06-30,7239000000.0,CashAndCashEquivalentsAtCarryingValue,USD,,2026-06-30
BA_8K_0001628280-26-049929,BA,BOEING CO,Industrial,8-K,2026-07-28,2026-07-28,0001628280-26-049929,0,7,0.0,no_facts,data\processed\sec_xbrl\BA\8-K\0001628280-26-049929.json,,,,,,,,,,,,,,,,,,,,,,,,,,,,,,,,,,,,
BA_10K_0001628280-26-004357,BA,BOEING CO,Industrial,10-K,2026-01-30,2025-12-31,0001628280-26-004357,7,7,1.0,complete,data\processed\sec_xbrl\BA\10-K\0001628280-26-004357.json,,89463000000.0,Revenues,USD,2025-01-01,2025-12-31,2235000000.0,NetIncomeLoss,USD,2025-01-01,2025-12-31,4281000000.0,OperatingIncomeLoss,USD,2025-01-01,2025-12-31,168235000000.0,Assets,USD,,2025-12-31,162778000000.0,Liabilities,USD,,2025-12-31,5454000000.0,StockholdersEquity,USD,,2025-12-31,10921000000.0,CashAndCashEquivalentsAtCarryingValue,USD,,2025-12-31
GE_10Q_0000040545-26-000049,GE,GENERAL ELECTRIC CO,Industrial,10-Q,2026-07-16,2026-06-30,0000040545-26-000049,6,7,0.8571,partial,data\processed\sec_xbrl\GE\10-Q\0000040545-26-000049.json,,13349000000.0,Revenues,USD,2026-04-01,2026-06-30,2370000000.0,NetIncomeLoss,USD,2026-04-01,2026-06-30,,,,,,127672000000.0,Assets,USD,,2026-06-30,109805000000.0,Liabilities,USD,,2026-06-30,17640000000.0,StockholdersEquity,USD,,2026-06-30,9345000000.0,CashCashEquivalentsRestrictedCashAndRestrictedCashEquivalents,USD,,2026-06-30
GE_8K_0000040545-26-000047,GE,GENERAL ELECTRIC CO,Industrial,8-K,2026-07-16,2026-07-16,0000040545-26-000047,0,7,0.0,no_facts,data\processed\sec_xbrl\GE\8-K\0000040545-26-000047.json,,,,,,,,,,,,,,,,,,,,,,,,,,,,,,,,,,,,
GE_10K_0000040545-26-000008,GE,GENERAL ELECTRIC CO,Industrial,10-K,2026-01-29,2025-12-31,0000040545-26-000008,6,7,0.8571,partial,data\processed\sec_xbrl\GE\10-K\0000040545-26-000008.json,,45855000000.0,Revenues,USD,2025-01-01,2025-12-31,8704000000.0,NetIncomeLoss,USD,2025-01-01,2025-12-31,,,,,,130169000000.0,Assets,USD,,2025-12-31,111271000000.0,Liabilities,USD,,2025-12-31,18677000000.0,StockholdersEquity,USD,,2025-12-31,12392000000.0,CashCashEquivalentsRestrictedCashAndRestrictedCashEquivalents,USD,,2025-12-31
UPS_8K_0001628280-26-049912,UPS,UNITED PARCEL SERVICE INC,Industrial,8-K,2026-07-28,2026-07-28,0001628280-26-049912,0,7,0.0,no_facts,data\processed\sec_xbrl\UPS\8-K\0001628280-26-049912.json,,,,,,,,,,,,,,,,,,,,,,,,,,,,,,,,,,,,
UPS_10Q_0001628280-26-031154,UPS,UNITED PARCEL SERVICE INC,Industrial,10-Q,2026-05-06,2026-03-31,0001628280-26-031154,6,7,0.8571,partial,data\processed\sec_xbrl\UPS\10-Q\0001628280-26-031154.json,,21202000000.0,RevenueFromContractWithCustomerExcludingAssessedTax,USD,2026-01-01,2026-03-31,864000000.0,NetIncomeLoss,USD,2026-01-01,2026-03-31,1267000000.0,OperatingIncomeLoss,USD,2026-01-01,2026-03-31,71809000000.0,Assets,USD,,2026-03-31,,,,,,15763000000.0,StockholdersEquity,USD,,2026-03-31,5802000000.0,CashAndCashEquivalentsAtCarryingValue,USD,,2026-03-31
UPS_10K_0001628280-26-008432,UPS,UNITED PARCEL SERVICE INC,Industrial,10-K,2026-02-17,2025-12-31,0001628280-26-008432,6,7,0.8571,partial,data\processed\sec_xbrl\UPS\10-K\0001628280-26-008432.json,,88661000000.0,RevenueFromContractWithCustomerExcludingAssessedTax,USD,2025-01-01,2025-12-31,5572000000.0,NetIncomeLoss,USD,2025-01-01,2025-12-31,7867000000.0,OperatingIncomeLoss,USD,2025-01-01,2025-12-31,73090000000.0,Assets,USD,,2025-12-31,,,,,,16227000000.0,StockholdersEquity,USD,,2025-12-31,5887000000.0,CashAndCashEquivalentsAtCarryingValue,USD,,2025-12-31
T_8K_0001193125-26-321053,T,AT&T INC.,Telecommunications,8-K,2026-07-28,2026-07-28,0001193125-26-321053,0,7,0.0,no_facts,data\processed\sec_xbrl\T\8-K\0001193125-26-321053.json,,,,,,,,,,,,,,,,,,,,,,,,,,,,,,,,,,,,
T_10Q_0000732717-26-000297,T,AT&T INC.,Telecommunications,10-Q,2026-07-22,2026-06-30,0000732717-26-000297,6,7,0.8571,partial,data\processed\sec_xbrl\T\10-Q\0000732717-26-000297.json,,31558000000.0,Revenues,USD,2026-04-01,2026-06-30,4627000000.0,NetIncomeLoss,USD,2026-04-01,2026-06-30,7038000000.0,OperatingIncomeLoss,USD,2026-04-01,2026-06-30,428359000000.0,Assets,USD,,2026-06-30,,,,,,126434000000.0,StockholdersEquityIncludingPortionAttributableToNoncontrollingInterest,USD,,2026-06-30,17570000000.0,CashAndCashEquivalentsAtCarryingValue,USD,,2026-06-30
T_10K_0000732717-26-000120,T,AT&T INC.,Telecommunications,10-K,2026-02-09,2025-12-31,0000732717-26-000120,6,7,0.8571,partial,data\processed\sec_xbrl\T\10-K\0000732717-26-000120.json,,125648000000.0,Revenues,USD,2025-01-01,2025-12-31,21953000000.0,NetIncomeLoss,USD,2025-01-01,2025-12-31,24162000000.0,OperatingIncomeLoss,USD,2025-01-01,2025-12-31,420198000000.0,Assets,USD,,2025-12-31,,,,,,126491000000.0,StockholdersEquityIncludingPortionAttributableToNoncontrollingInterest,USD,,2025-12-31,18234000000.0,CashAndCashEquivalentsAtCarryingValue,USD,,2025-12-31
