ticker,company_name,sector,cik,form,filing_date,report_date,accession_number,source_url,local_path
AAPL,Apple Inc.,Technology,0000320193,10-Q,2026-05-01,2026-03-28,0000320193-26-000013,https://www.sec.gov/Archives/edgar/data/320193/000032019326000013/aapl-20260328.htm,data\raw\sec_filings\AAPL\filings\10-Q\2026-05-01_0000320193-26-000013_aapl-20260328.htm
AAPL,Apple Inc.,Technology,0000320193,8-K,2026-04-30,2026-04-30,0000320193-26-000011,https://www.sec.gov/Archives/edgar/data/320193/000032019326000011/aapl-20260430.htm,data\raw\sec_filings\AAPL\filings\8-K\2026-04-30_0000320193-26-000011_aapl-20260430.htm
AAPL,Apple Inc.,Technology,0000320193,10-K,2025-10-31,2025-09-27,0000320193-25-000079,https://www.sec.gov/Archives/edgar/data/320193/000032019325000079/aapl-20250927.htm,data\raw\sec_filings\AAPL\filings\10-K\2025-10-31_0000320193-25-000079_aapl-20250927.htm
MSFT,MICROSOFT CORP,Technology,0000789019,10-K,2026-07-29,2026-06-30,0001193125-26-323660,https://www.sec.gov/Archives/edgar/data/789019/000119312526323660/msft-20260630.htm,data\raw\sec_filings\MSFT\filings\10-K\2026-07-29_0001193125-26-323660_msft-20260630.htm
MSFT,MICROSOFT CORP,Technology,0000789019,8-K,2026-07-29,2026-07-29,0001193125-26-323632,https://www.sec.gov/Archives/edgar/data/789019/000119312526323632/msft-20260729.htm,data\raw\sec_filings\MSFT\filings\8-K\2026-07-29_0001193125-26-323632_msft-20260729.htm
MSFT,MICROSOFT CORP,Technology,0000789019,10-Q,2026-04-29,2026-03-31,0001193125-26-191507,https://www.sec.gov/Archives/edgar/data/789019/000119312526191507/msft-20260331.htm,data\raw\sec_filings\MSFT\filings\10-Q\2026-04-29_0001193125-26-191507_msft-20260331.htm
NVDA,NVIDIA CORP,Technology,0001045810,8-K,2026-07-02,2026-06-28,0001045810-26-000060,https://www.sec.gov/Archives/edgar/data/1045810/000104581026000060/nvda-20260628.htm,data\raw\sec_filings\NVDA\filings\8-K\2026-07-02_0001045810-26-000060_nvda-20260628.htm
NVDA,NVIDIA CORP,Technology,0001045810,10-Q,2026-05-20,2026-04-26,0001045810-26-000052,https://www.sec.gov/Archives/edgar/data/1045810/000104581026000052/nvda-20260426.htm,data\raw\sec_filings\NVDA\filings\10-Q\2026-05-20_0001045810-26-000052_nvda-20260426.htm
NVDA,NVIDIA CORP,Technology,0001045810,10-K,2026-02-25,2026-01-25,0001045810-26-000021,https://www.sec.gov/Archives/edgar/data/1045810/000104581026000021/nvda-20260125.htm,data\raw\sec_filings\NVDA\filings\10-K\2026-02-25_0001045810-26-000021_nvda-20260125.htm
ORCL,ORACLE CORP,Technology,0001341439,10-K,2026-06-22,2026-05-31,0001193125-26-277521,https://www.sec.gov/Archives/edgar/data/1341439/000119312526277521/orcl-20260531.htm,data\raw\sec_filings\ORCL\filings\10-K\2026-06-22_0001193125-26-277521_orcl-20260531.htm
ORCL,ORACLE CORP,Technology,0001341439,8-K,2026-06-10,2026-06-10,0001193125-26-265848,https://www.sec.gov/Archives/edgar/data/1341439/000119312526265848/orcl-20260610.htm,data\raw\sec_filings\ORCL\filings\8-K\2026-06-10_0001193125-26-265848_orcl-20260610.htm
ORCL,ORACLE CORP,Technology,0001341439,10-Q,2026-03-11,2026-02-28,0001193125-26-101045,https://www.sec.gov/Archives/edgar/data/1341439/000119312526101045/orcl-20260228.htm,data\raw\sec_filings\ORCL\filings\10-Q\2026-03-11_0001193125-26-101045_orcl-20260228.htm
IBM,INTERNATIONAL BUSINESS MACHINES CORP,Technology,0000051143,10-Q,2026-07-23,2026-06-30,0000051143-26-000078,https://www.sec.gov/Archives/edgar/data/51143/000005114326000078/ibm-20260630.htm,data\raw\sec_filings\IBM\filings\10-Q\2026-07-23_0000051143-26-000078_ibm-20260630.htm
IBM,INTERNATIONAL BUSINESS MACHINES CORP,Technology,0000051143,8-K,2026-07-22,2026-07-22,0000051143-26-000077,https://www.sec.gov/Archives/edgar/data/51143/000005114326000077/ibm-20260722.htm,data\raw\sec_filings\IBM\filings\8-K\2026-07-22_0000051143-26-000077_ibm-20260722.htm
IBM,INTERNATIONAL BUSINESS MACHINES CORP,Technology,0000051143,10-K,2026-02-24,2025-12-31,0000051143-26-000010,https://www.sec.gov/Archives/edgar/data/51143/000005114326000010/ibm-20251231.htm,data\raw\sec_filings\IBM\filings\10-K\2026-02-24_0000051143-26-000010_ibm-20251231.htm
JPM,JPMORGAN CHASE & CO,Financial Services,0000019617,8-K,2026-07-23,2026-07-23,0001193125-26-314128,https://www.sec.gov/Archives/edgar/data/19617/000119312526314128/d103985d8k.htm,data\raw\sec_filings\JPM\filings\8-K\2026-07-23_0001193125-26-314128_d103985d8k.htm
JPM,JPMORGAN CHASE & CO,Financial Services,0000019617,10-Q,2026-05-01,2026-03-31,0001628280-26-029344,https://www.sec.gov/Archives/edgar/data/19617/000162828026029344/jpm-20260331.htm,data\raw\sec_filings\JPM\filings\10-Q\2026-05-01_0001628280-26-029344_jpm-20260331.htm
JPM,JPMORGAN CHASE & CO,Financial Services,0000019617,10-K,2026-02-13,2025-12-31,0001628280-26-008131,https://www.sec.gov/Archives/edgar/data/19617/000162828026008131/jpm-20251231.htm,data\raw\sec_filings\JPM\filings\10-K\2026-02-13_0001628280-26-008131_jpm-20251231.htm
BAC,BANK OF AMERICA CORP /DE/,Financial Services,0000070858,8-K,2026-07-24,2026-07-23,0000070858-26-000364,https://www.sec.gov/Archives/edgar/data/70858/000007085826000364/bac-20260723.htm,data\raw\sec_filings\BAC\filings\8-K\2026-07-24_0000070858-26-000364_bac-20260723.htm
BAC,BANK OF AMERICA CORP /DE/,Financial Services,0000070858,10-Q,2026-05-01,2026-03-31,0000070858-26-000249,https://www.sec.gov/Archives/edgar/data/70858/000007085826000249/bac-20260331.htm,data\raw\sec_filings\BAC\filings\10-Q\2026-05-01_0000070858-26-000249_bac-20260331.htm
BAC,BANK OF AMERICA CORP /DE/,Financial Services,0000070858,10-K,2026-02-25,2025-12-31,0000070858-26-000157,https://www.sec.gov/Archives/edgar/data/70858/000007085826000157/bac-20251231.htm,data\raw\sec_filings\BAC\filings\10-K\2026-02-25_0000070858-26-000157_bac-20251231.htm
GS,GOLDMAN SACHS GROUP INC,Financial Services,0000886982,8-K,2026-07-27,2026-07-23,0001193125-26-318147,https://www.sec.gov/Archives/edgar/data/886982/000119312526318147/d113214d8k.htm,data\raw\sec_filings\GS\filings\8-K\2026-07-27_0001193125-26-318147_d113214d8k.htm
GS,GOLDMAN SACHS GROUP INC,Financial Services,0000886982,10-Q,2026-05-01,2026-03-31,0000886982-26-000118,https://www.sec.gov/Archives/edgar/data/886982/000088698226000118/gs-20260331.htm,data\raw\sec_filings\GS\filings\10-Q\2026-05-01_0000886982-26-000118_gs-20260331.htm
GS,GOLDMAN SACHS GROUP INC,Financial Services,0000886982,10-K,2026-02-25,2025-12-31,0000886982-26-000091,https://www.sec.gov/Archives/edgar/data/886982/000088698226000091/gs-20251231.htm,data\raw\sec_filings\GS\filings\10-K\2026-02-25_0000886982-26-000091_gs-20251231.htm
C,CITIGROUP INC,Financial Services,0000831001,8-K,2026-07-14,2026-07-14,0001104659-26-083383,https://www.sec.gov/Archives/edgar/data/831001/000110465926083383/c-20260714x8k.htm,data\raw\sec_filings\C\filings\8-K\2026-07-14_0001104659-26-083383_c-20260714x8k.htm
C,CITIGROUP INC,Financial Services,0000831001,10-Q,2026-05-07,2026-03-31,0000831001-26-000019,https://www.sec.gov/Archives/edgar/data/831001/000083100126000019/c-20260331.htm,data\raw\sec_filings\C\filings\10-Q\2026-05-07_0000831001-26-000019_c-20260331.htm
C,CITIGROUP INC,Financial Services,0000831001,10-K,2026-02-20,2025-12-31,0000831001-26-000011,https://www.sec.gov/Archives/edgar/data/831001/000083100126000011/c-20251231.htm,data\raw\sec_filings\C\filings\10-K\2026-02-20_0000831001-26-000011_c-20251231.htm
V,VISA INC.,Financial Services,0001403161,10-Q,2026-07-29,2026-06-30,0001403161-26-000104,https://www.sec.gov/Archives/edgar/data/1403161/000140316126000104/v-20260630.htm,data\raw\sec_filings\V\filings\10-Q\2026-07-29_0001403161-26-000104_v-20260630.htm
V,VISA INC.,Financial Services,0001403161,8-K,2026-07-28,2026-07-28,0001403161-26-000103,https://www.sec.gov/Archives/edgar/data/1403161/000140316126000103/v-20260728.htm,data\raw\sec_filings\V\filings\8-K\2026-07-28_0001403161-26-000103_v-20260728.htm
V,VISA INC.,Financial Services,0001403161,10-K,2025-11-06,2025-09-30,0001403161-25-000089,https://www.sec.gov/Archives/edgar/data/1403161/000140316125000089/v-20250930.htm,data\raw\sec_filings\V\filings\10-K\2025-11-06_0001403161-25-000089_v-20250930.htm
WMT,Walmart Inc.,Retail and Consumer,0000104169,8-K,2026-06-05,2026-06-04,0000104169-26-000111,https://www.sec.gov/Archives/edgar/data/104169/000010416926000111/wmt-20260604.htm,data\raw\sec_filings\WMT\filings\8-K\2026-06-05_0000104169-26-000111_wmt-20260604.htm
WMT,Walmart Inc.,Retail and Consumer,0000104169,10-Q,2026-05-29,2026-04-30,0000104169-26-000102,https://www.sec.gov/Archives/edgar/data/104169/000010416926000102/wmt-20260430.htm,data\raw\sec_filings\WMT\filings\10-Q\2026-05-29_0000104169-26-000102_wmt-20260430.htm
WMT,Walmart Inc.,Retail and Consumer,0000104169,10-K,2026-03-13,2026-01-31,0000104169-26-000055,https://www.sec.gov/Archives/edgar/data/104169/000010416926000055/wmt-20260131.htm,data\raw\sec_filings\WMT\filings\10-K\2026-03-13_0000104169-26-000055_wmt-20260131.htm
COST,COSTCO WHOLESALE CORP /NEW,Retail and Consumer,0000909832,8-K,2026-07-08,2026-07-07,0000909832-26-000060,https://www.sec.gov/Archives/edgar/data/909832/000090983226000060/cost-20260707.htm,data\raw\sec_filings\COST\filings\8-K\2026-07-08_0000909832-26-000060_cost-20260707.htm
COST,COSTCO WHOLESALE CORP /NEW,Retail and Consumer,0000909832,10-Q,2026-06-03,2026-05-10,0000909832-26-000051,https://www.sec.gov/Archives/edgar/data/909832/000090983226000051/cost-20260510.htm,data\raw\sec_filings\COST\filings\10-Q\2026-06-03_0000909832-26-000051_cost-20260510.htm
COST,COSTCO WHOLESALE CORP /NEW,Retail and Consumer,0000909832,10-K,2025-10-08,2025-08-31,0000909832-25-000101,https://www.sec.gov/Archives/edgar/data/909832/000090983225000101/cost-20250831.htm,data\raw\sec_filings\COST\filings\10-K\2025-10-08_0000909832-25-000101_cost-20250831.htm
HD,"HOME DEPOT, INC.",Retail and Consumer,0000354950,10-Q,2026-05-27,2026-05-03,0001628280-26-038247,https://www.sec.gov/Archives/edgar/data/354950/000162828026038247/hd-20260503.htm,data\raw\sec_filings\HD\filings\10-Q\2026-05-27_0001628280-26-038247_hd-20260503.htm
HD,"HOME DEPOT, INC.",Retail and Consumer,0000354950,8-K,2026-05-26,2026-05-21,0000354950-26-000105,https://www.sec.gov/Archives/edgar/data/354950/000035495026000105/hd-20260521.htm,data\raw\sec_filings\HD\filings\8-K\2026-05-26_0000354950-26-000105_hd-20260521.htm
HD,"HOME DEPOT, INC.",Retail and Consumer,0000354950,10-K,2026-03-18,2026-02-01,0001628280-26-019436,https://www.sec.gov/Archives/edgar/data/354950/000162828026019436/hd-20260201.htm,data\raw\sec_filings\HD\filings\10-K\2026-03-18_0001628280-26-019436_hd-20260201.htm
NKE,"NIKE, Inc.",Retail and Consumer,0000320187,10-K,2026-07-15,2026-05-31,0000320187-26-000088,https://www.sec.gov/Archives/edgar/data/320187/000032018726000088/nke-20260531.htm,data\raw\sec_filings\NKE\filings\10-K\2026-07-15_0000320187-26-000088_nke-20260531.htm
NKE,"NIKE, Inc.",Retail and Consumer,0000320187,8-K,2026-06-30,2026-06-30,0000320187-26-000076,https://www.sec.gov/Archives/edgar/data/320187/000032018726000076/nke-20260630.htm,data\raw\sec_filings\NKE\filings\8-K\2026-06-30_0000320187-26-000076_nke-20260630.htm
NKE,"NIKE, Inc.",Retail and Consumer,0000320187,10-Q,2026-04-01,2026-02-28,0000320187-26-000037,https://www.sec.gov/Archives/edgar/data/320187/000032018726000037/nke-20260228.htm,data\raw\sec_filings\NKE\filings\10-Q\2026-04-01_0000320187-26-000037_nke-20260228.htm
MCD,MCDONALDS CORP,Retail and Consumer,0000063908,8-K,2026-05-22,2026-05-20,0000063908-26-000055,https://www.sec.gov/Archives/edgar/data/63908/000006390826000055/mcd-20260520.htm,data\raw\sec_filings\MCD\filings\8-K\2026-05-22_0000063908-26-000055_mcd-20260520.htm
MCD,MCDONALDS CORP,Retail and Consumer,0000063908,10-Q,2026-05-07,2026-03-31,0000063908-26-000051,https://www.sec.gov/Archives/edgar/data/63908/000006390826000051/mcd-20260331.htm,data\raw\sec_filings\MCD\filings\10-Q\2026-05-07_0000063908-26-000051_mcd-20260331.htm
MCD,MCDONALDS CORP,Retail and Consumer,0000063908,10-K,2026-02-24,2025-12-31,0000063908-26-000035,https://www.sec.gov/Archives/edgar/data/63908/000006390826000035/mcd-20251231.htm,data\raw\sec_filings\MCD\filings\10-K\2026-02-24_0000063908-26-000035_mcd-20251231.htm
JNJ,JOHNSON & JOHNSON,Healthcare,0000200406,8-K,2026-07-29,2026-07-29,0000200406-26-000163,https://www.sec.gov/Archives/edgar/data/200406/000020040626000163/jnj-20260729.htm,data\raw\sec_filings\JNJ\filings\8-K\2026-07-29_0000200406-26-000163_jnj-20260729.htm
JNJ,JOHNSON & JOHNSON,Healthcare,0000200406,10-Q,2026-07-23,2026-06-28,0000200406-26-000153,https://www.sec.gov/Archives/edgar/data/200406/000020040626000153/jnj-20260628.htm,data\raw\sec_filings\JNJ\filings\10-Q\2026-07-23_0000200406-26-000153_jnj-20260628.htm
JNJ,JOHNSON & JOHNSON,Healthcare,0000200406,10-K,2026-02-11,2025-12-28,0000200406-26-000016,https://www.sec.gov/Archives/edgar/data/200406/000020040626000016/jnj-20251228.htm,data\raw\sec_filings\JNJ\filings\10-K\2026-02-11_0000200406-26-000016_jnj-20251228.htm
PFE,PFIZER INC,Healthcare,0000078003,8-K,2026-06-18,2026-06-18,0000078003-26-000087,https://www.sec.gov/Archives/edgar/data/78003/000007800326000087/pfe-20260618.htm,data\raw\sec_filings\PFE\filings\8-K\2026-06-18_0000078003-26-000087_pfe-20260618.htm
PFE,PFIZER INC,Healthcare,0000078003,10-Q,2026-05-05,2026-03-29,0000078003-26-000054,https://www.sec.gov/Archives/edgar/data/78003/000007800326000054/pfe-20260329.htm,data\raw\sec_filings\PFE\filings\10-Q\2026-05-05_0000078003-26-000054_pfe-20260329.htm
PFE,PFIZER INC,Healthcare,0000078003,10-K,2026-02-26,2025-12-31,0000078003-26-000026,https://www.sec.gov/Archives/edgar/data/78003/000007800326000026/pfe-20251231.htm,data\raw\sec_filings\PFE\filings\10-K\2026-02-26_0000078003-26-000026_pfe-20251231.htm
UNH,UNITEDHEALTH GROUP INC,Healthcare,0000731766,8-K,2026-07-16,2026-07-16,0000731766-26-000191,https://www.sec.gov/Archives/edgar/data/731766/000073176626000191/unh-20260716.htm,data\raw\sec_filings\UNH\filings\8-K\2026-07-16_0000731766-26-000191_unh-20260716.htm
UNH,UNITEDHEALTH GROUP INC,Healthcare,0000731766,10-Q,2026-05-05,2026-03-31,0000731766-26-000127,https://www.sec.gov/Archives/edgar/data/731766/000073176626000127/unh-20260331.htm,data\raw\sec_filings\UNH\filings\10-Q\2026-05-05_0000731766-26-000127_unh-20260331.htm
UNH,UNITEDHEALTH GROUP INC,Healthcare,0000731766,10-K,2026-03-02,2025-12-31,0000731766-26-000062,https://www.sec.gov/Archives/edgar/data/731766/000073176626000062/unh-20251231.htm,data\raw\sec_filings\UNH\filings\10-K\2026-03-02_0000731766-26-000062_unh-20251231.htm
ABT,ABBOTT LABORATORIES,Healthcare,0000001800,10-Q,2026-07-28,2026-06-30,0001628280-26-050134,https://www.sec.gov/Archives/edgar/data/1800/000162828026050134/abt-20260630.htm,data\raw\sec_filings\ABT\filings\10-Q\2026-07-28_0001628280-26-050134_abt-20260630.htm
ABT,ABBOTT LABORATORIES,Healthcare,0000001800,8-K,2026-07-16,2026-07-16,0001628280-26-048377,https://www.sec.gov/Archives/edgar/data/1800/000162828026048377/abt-20260716.htm,data\raw\sec_filings\ABT\filings\8-K\2026-07-16_0001628280-26-048377_abt-20260716.htm
ABT,ABBOTT LABORATORIES,Healthcare,0000001800,10-K,2026-02-20,2025-12-31,0001628280-26-010185,https://www.sec.gov/Archives/edgar/data/1800/000162828026010185/abt-20251231.htm,data\raw\sec_filings\ABT\filings\10-K\2026-02-20_0001628280-26-010185_abt-20251231.htm
MRK,"Merck & Co., Inc.",Healthcare,0000310158,8-K,2026-05-28,2026-05-26,0001104659-26-067509,https://www.sec.gov/Archives/edgar/data/310158/000110465926067509/tm2615833d1_8k.htm,data\raw\sec_filings\MRK\filings\8-K\2026-05-28_0001104659-26-067509_tm2615833d1_8k.htm
MRK,"Merck & Co., Inc.",Healthcare,0000310158,10-Q,2026-05-04,2026-03-31,0001628280-26-029802,https://www.sec.gov/Archives/edgar/data/310158/000162828026029802/mrk-20260331.htm,data\raw\sec_filings\MRK\filings\10-Q\2026-05-04_0001628280-26-029802_mrk-20260331.htm
MRK,"Merck & Co., Inc.",Healthcare,0000310158,10-K,2026-02-24,2025-12-31,0000310158-26-000063,https://www.sec.gov/Archives/edgar/data/310158/000031015826000063/mrk-20251231.htm,data\raw\sec_filings\MRK\filings\10-K\2026-02-24_0000310158-26-000063_mrk-20251231.htm
XOM,ExxonMobil Holdings Corp,Energy,0002115436,8-K,2026-07-07,2026-07-07,0002115436-26-000003,https://www.sec.gov/Archives/edgar/data/2115436/000211543626000003/xom-20260707.htm,data\raw\sec_filings\XOM\filings\8-K\2026-07-07_0002115436-26-000003_xom-20260707.htm
CVX,CHEVRON CORP,Energy,0000093410,8-K,2026-05-29,2026-05-27,0000093410-26-000125,https://www.sec.gov/Archives/edgar/data/93410/000009341026000125/cvx-20260527.htm,data\raw\sec_filings\CVX\filings\8-K\2026-05-29_0000093410-26-000125_cvx-20260527.htm
CVX,CHEVRON CORP,Energy,0000093410,10-Q,2026-05-07,2026-03-31,0000093410-26-000113,https://www.sec.gov/Archives/edgar/data/93410/000009341026000113/cvx-20260331.htm,data\raw\sec_filings\CVX\filings\10-Q\2026-05-07_0000093410-26-000113_cvx-20260331.htm
CVX,CHEVRON CORP,Energy,0000093410,10-K,2026-02-24,2025-12-31,0000093410-26-000078,https://www.sec.gov/Archives/edgar/data/93410/000009341026000078/cvx-20251231.htm,data\raw\sec_filings\CVX\filings\10-K\2026-02-24_0000093410-26-000078_cvx-20251231.htm
COP,CONOCOPHILLIPS,Energy,0001163165,8-K,2026-06-23,2026-06-23,0001104659-26-076836,https://www.sec.gov/Archives/edgar/data/1163165/000110465926076836/tm2618585d1_8k.htm,data\raw\sec_filings\COP\filings\8-K\2026-06-23_0001104659-26-076836_tm2618585d1_8k.htm
COP,CONOCOPHILLIPS,Energy,0001163165,10-Q,2026-04-30,2026-03-31,0001163165-26-000018,https://www.sec.gov/Archives/edgar/data/1163165/000116316526000018/cop-20260331.htm,data\raw\sec_filings\COP\filings\10-Q\2026-04-30_0001163165-26-000018_cop-20260331.htm
COP,CONOCOPHILLIPS,Energy,0001163165,10-K,2026-02-17,2025-12-31,0001163165-26-000009,https://www.sec.gov/Archives/edgar/data/1163165/000116316526000009/cop-20251231.htm,data\raw\sec_filings\COP\filings\10-K\2026-02-17_0001163165-26-000009_cop-20251231.htm
SLB,SLB LIMITED/NV,Energy,0000087347,10-Q,2026-07-29,2026-06-30,0001193125-26-322595,https://www.sec.gov/Archives/edgar/data/87347/000119312526322595/slb-20260630.htm,data\raw\sec_filings\SLB\filings\10-Q\2026-07-29_0001193125-26-322595_slb-20260630.htm
SLB,SLB LIMITED/NV,Energy,0000087347,8-K,2026-07-24,2026-07-24,0001193125-26-315068,https://www.sec.gov/Archives/edgar/data/87347/000119312526315068/d122193d8k.htm,data\raw\sec_filings\SLB\filings\8-K\2026-07-24_0001193125-26-315068_d122193d8k.htm
SLB,SLB LIMITED/NV,Energy,0000087347,10-K,2026-01-23,2025-12-31,0001193125-26-021017,https://www.sec.gov/Archives/edgar/data/87347/000119312526021017/slb-20251231.htm,data\raw\sec_filings\SLB\filings\10-K\2026-01-23_0001193125-26-021017_slb-20251231.htm
EOG,EOG RESOURCES INC,Energy,0000821189,8-K,2026-07-09,2026-07-09,0000821189-26-000140,https://www.sec.gov/Archives/edgar/data/821189/000082118926000140/eog-20260709.htm,data\raw\sec_filings\EOG\filings\8-K\2026-07-09_0000821189-26-000140_eog-20260709.htm
EOG,EOG RESOURCES INC,Energy,0000821189,10-Q,2026-05-05,2026-03-31,0000821189-26-000104,https://www.sec.gov/Archives/edgar/data/821189/000082118926000104/eog-20260331.htm,data\raw\sec_filings\EOG\filings\10-Q\2026-05-05_0000821189-26-000104_eog-20260331.htm
EOG,EOG RESOURCES INC,Energy,0000821189,10-K,2026-02-24,2025-12-31,0000821189-26-000054,https://www.sec.gov/Archives/edgar/data/821189/000082118926000054/eog-20251231.htm,data\raw\sec_filings\EOG\filings\10-K\2026-02-24_0000821189-26-000054_eog-20251231.htm
CAT,CATERPILLAR INC,Industrial,0000018230,8-K,2026-06-11,2026-06-10,0001104659-26-072929,https://www.sec.gov/Archives/edgar/data/18230/000110465926072929/tm2617177d1_8k.htm,data\raw\sec_filings\CAT\filings\8-K\2026-06-11_0001104659-26-072929_tm2617177d1_8k.htm
CAT,CATERPILLAR INC,Industrial,0000018230,10-Q,2026-05-06,2026-03-31,0000018230-26-000021,https://www.sec.gov/Archives/edgar/data/18230/000001823026000021/cat-20260331.htm,data\raw\sec_filings\CAT\filings\10-Q\2026-05-06_0000018230-26-000021_cat-20260331.htm
CAT,CATERPILLAR INC,Industrial,0000018230,10-K,2026-02-13,2025-12-31,0000018230-26-000008,https://www.sec.gov/Archives/edgar/data/18230/000001823026000008/cat-20251231.htm,data\raw\sec_filings\CAT\filings\10-K\2026-02-13_0000018230-26-000008_cat-20251231.htm
BA,BOEING CO,Industrial,0000012927,10-Q,2026-07-28,2026-06-30,0001628280-26-050038,https://www.sec.gov/Archives/edgar/data/12927/000162828026050038/ba-20260630.htm,data\raw\sec_filings\BA\filings\10-Q\2026-07-28_0001628280-26-050038_ba-20260630.htm
BA,BOEING CO,Industrial,0000012927,8-K,2026-07-28,2026-07-28,0001628280-26-049929,https://www.sec.gov/Archives/edgar/data/12927/000162828026049929/ba-20260728.htm,data\raw\sec_filings\BA\filings\8-K\2026-07-28_0001628280-26-049929_ba-20260728.htm
BA,BOEING CO,Industrial,0000012927,10-K,2026-01-30,2025-12-31,0001628280-26-004357,https://www.sec.gov/Archives/edgar/data/12927/000162828026004357/ba-20251231.htm,data\raw\sec_filings\BA\filings\10-K\2026-01-30_0001628280-26-004357_ba-20251231.htm
GE,GENERAL ELECTRIC CO,Industrial,0000040545,10-Q,2026-07-16,2026-06-30,0000040545-26-000049,https://www.sec.gov/Archives/edgar/data/40545/000004054526000049/ge-20260630.htm,data\raw\sec_filings\GE\filings\10-Q\2026-07-16_0000040545-26-000049_ge-20260630.htm
GE,GENERAL ELECTRIC CO,Industrial,0000040545,8-K,2026-07-16,2026-07-16,0000040545-26-000047,https://www.sec.gov/Archives/edgar/data/40545/000004054526000047/ge-20260716.htm,data\raw\sec_filings\GE\filings\8-K\2026-07-16_0000040545-26-000047_ge-20260716.htm
GE,GENERAL ELECTRIC CO,Industrial,0000040545,10-K,2026-01-29,2025-12-31,0000040545-26-000008,https://www.sec.gov/Archives/edgar/data/40545/000004054526000008/ge-20251231.htm,data\raw\sec_filings\GE\filings\10-K\2026-01-29_0000040545-26-000008_ge-20251231.htm
UPS,UNITED PARCEL SERVICE INC,Industrial,0001090727,8-K,2026-07-28,2026-07-28,0001628280-26-049912,https://www.sec.gov/Archives/edgar/data/1090727/000162828026049912/ups-20260728.htm,data\raw\sec_filings\UPS\filings\8-K\2026-07-28_0001628280-26-049912_ups-20260728.htm
UPS,UNITED PARCEL SERVICE INC,Industrial,0001090727,10-Q,2026-05-06,2026-03-31,0001628280-26-031154,https://www.sec.gov/Archives/edgar/data/1090727/000162828026031154/ups-20260331.htm,data\raw\sec_filings\UPS\filings\10-Q\2026-05-06_0001628280-26-031154_ups-20260331.htm
UPS,UNITED PARCEL SERVICE INC,Industrial,0001090727,10-K,2026-02-17,2025-12-31,0001628280-26-008432,https://www.sec.gov/Archives/edgar/data/1090727/000162828026008432/ups-20251231.htm,data\raw\sec_filings\UPS\filings\10-K\2026-02-17_0001628280-26-008432_ups-20251231.htm
T,AT&T INC.,Telecommunications,0000732717,8-K,2026-07-28,2026-07-28,0001193125-26-321053,https://www.sec.gov/Archives/edgar/data/732717/000119312526321053/d142142d8k.htm,data\raw\sec_filings\T\filings\8-K\2026-07-28_0001193125-26-321053_d142142d8k.htm
T,AT&T INC.,Telecommunications,0000732717,10-Q,2026-07-22,2026-06-30,0000732717-26-000297,https://www.sec.gov/Archives/edgar/data/732717/000073271726000297/t-20260630.htm,data\raw\sec_filings\T\filings\10-Q\2026-07-22_0000732717-26-000297_t-20260630.htm
T,AT&T INC.,Telecommunications,0000732717,10-K,2026-02-09,2025-12-31,0000732717-26-000120,https://www.sec.gov/Archives/edgar/data/732717/000073271726000120/t-20251231.htm,data\raw\sec_filings\T\filings\10-K\2026-02-09_0000732717-26-000120_t-20251231.htm
